_id,_id,is_deleted,collected_on,gnss,annotations,artifacts,has_human_annotation,uuid,artifacts_content_hash,angle_to_row,camera_exposure_algo,camera_exposure_time,camera_focal_length,camera_fstop,camera_gain,camera_height,camera_manufacturer,camera_ppi,camera_revision,camera_sensor_name,camera_sensor_type,camera_serial,cloud_cover,crop_damage,crop_health,crop_height,crop_name,crop_residue,experiment_id,farm,furrow_depth_inches,gps_course,gps_quality,gps_speed,group_id,grower,icp_version,isp_version,latitude,longitude,operating_field_name,operator_name,project_name,raw_bit_depth,robot_name,row_spacing,soil_color,tillage_practice,type,weed_pressure,weeds,notes,date_collected
5ebc240b02a88ef0c54c737a,5ebc240b02a88ef0c54c737a,False,2020-05-13 16:04:13.750,"{'type': 'Point', 'coordinates': [-91.7874755859375, 32.863067626953125]}","[{'_id': ObjectId('5ec1c592f06ce035f7de597f'), '_cls': 'PixelAnnotation', 'is_deleted': False, 'created_at': datetime.datetime(2020, 5, 17, 23, 15, 30, 730000), 'updated_at': datetime.datetime(2020, 5, 17, 23, 15, 30, 730000), 'next_version': ObjectId('5ec37aae46d34f6ca8763202'), 'review_request': 0, 'review_reasons': [], 'label_policy': ObjectId('5eb48622e154067231d81219'), 'is_active_version': False, 'kind': 'labelbox', 'nothing_to_annotate': False, 'state': 'review', 'label_map': {'1': 'crop', '2': 'weed'}, 'annotation_job_id': ObjectId('5ec1c592f06ce035f7de596b'), 'vendor_metadata': {'labelbox': {'event_type': 'LABEL_CREATED', 'label_updated_at': '2020-05-19T05:24:31.000Z', 'vendor_source_id': 'ckadh39et7l3k0712loof2sbw', 'vendor_project_id': 'ck9f1j5bkoy8h0a1086g58d2x', 'datarow_id': 'ckabogxfe45l70hjsfmdnh09e', 'skipped': False, 'label_mask_hash': '11fe68d567c0565c60af2a58780320fa', 'seconds_to_label': 1182.277, 'label_created_by': 'afreen3@imerit.net'}}, 'style': 'pixelwise', 's3_key': 'prod/pixelwise/5ec1c592f06ce035f7de597f.png', 's3_bucket': 'tartarus.annotations'}, {'_id': ObjectId('5ec37aae46d34f6ca8763202'), '_cls': 'PixelAnnotation', 'is_deleted': False, 'created_at': datetime.datetime(2020, 5, 19, 6, 20, 30, 487000), 'updated_at': datetime.datetime(2020, 5, 17, 23, 15, 30, 730000), 'prev_version': ObjectId('5ec1c592f06ce035f7de597f'), 'review_request': 0, 'review_reasons': [], 'label_policy': ObjectId('5eb48622e154067231d81219'), 'is_active_version': True, 'kind': 'labelbox', 'nothing_to_annotate': False, 'state': 'ok', 'label_map': {'1': 'crop', '2': 'weed'}, 'annotation_job_id': ObjectId('5ec1c592f06ce035f7de596b'), 'vendor_metadata': {'labelbox': {'event_type': 'MANUAL_FETCH', 'label_updated_at': '2020-05-19T06:21:10.000Z', 'vendor_source_id': 'ckadh39et7l3k0712loof2sbw', 'vendor_project_id': 'ck9f1j5bkoy8h0a1086g58d2x', 'datarow_id': 'ckabogxfe45l70hjsfmdnh09e', 'skipped': False, 'label_mask_hash': '3369d1bca0cca0979989411685547e09', 'seconds_to_label': 1375.611, 'label_created_by': 'afreen3@imerit.net', 'review_updated_at': '2020-05-19T06:20:59.000Z', 'review_created_by': 'prabin.maharjan01@es.cloudfactory.com', 'vendor_dataset_id': 'ck9f1j9chomkc0976dm6bqifu', 'vendor_external_id': '5ebc240b02a88ef0c54c737a,5ebc240b02a88ef0c54c7379,5ec1c592f06ce035f7de597f'}}, 'style': 'pixelwise', 's3_key': 'prod/pixelwise/5ec37aae46d34f6ca8763202.png', 's3_bucket': 'tartarus.annotations'}]","[{'_id': ObjectId('5ebc240b02a88ef0c54c7379'), 'kind': 'nrg', 'content_hash': '27d7b9eebeb300b50133d34dd546784c', 's3_bucket': 'tartarus.images', 's3_key': 'prod/2020/05/13/16/d782eb48061a46c1a789b9891e39d388_nrg.png', 'web_s3_bucket': 'tartarus.images', 'web_s3_key': 'prod/2020/05/13/16/d782eb48061a46c1a789b9891e39d388_nrg.png', 'height': 1080, 'width': 1920}]",True,7ffee457-94ab-4f2c-a6f5-96bbaaeab6db,27d7b9eebeb300b50133d34dd546784c,PARALLEL,fixed,1500,3.6,1.8,1,1.5240000486373901,Jabil,18.83621531432379,2,ar0233,nrg,PCCAMJA000409,BROKEN,['NONE'],HEALTHY,SMALL,SOYBEANS,LOW,turner south beans,stutts bros farm,TwoToFourInches,0.0,AUTONOMOUS,0.0,a6047036-c542-4ecd-a8a3-127939b1f89d,stutts bros,ISP,07090100,32.863067626953125,-91.7874755859375,scogFront,hilario,shasta,20,DCM-DOLPHIN,INCHES_TWIN_30,LIGHT,CONVENTIONAL,nrg,LOW,"['OTHER', 'OTHER_GRASS']",,2020-05-13 00:00:00.000
5ebc240b02a88ef0c54c7370,5ebc240b02a88ef0c54c7370,False,2020-05-13 16:04:12.750,"{'type': 'Point', 'coordinates': [-91.7874755859375, 32.863075256347656]}","[{'_id': ObjectId('5ec1c592f06ce035f7de597e'), '_cls': 'PixelAnnotation', 'is_deleted': False, 'created_at': datetime.datetime(2020, 5, 17, 23, 15, 30, 730000), 'updated_at': datetime.datetime(2020, 5, 17, 23, 15, 30, 730000), 'next_version': ObjectId('5ec3ec2ccb279cae42c6721b'), 'review_request': 0, 'review_reasons': [], 'label_policy': ObjectId('5eb48622e154067231d81219'), 'is_active_version': False, 'kind': 'labelbox', 'nothing_to_annotate': False, 'state': 'review', 'label_map': {'1': 'crop', '2': 'weed'}, 'annotation_job_id': ObjectId('5ec1c592f06ce035f7de596b'), 'vendor_metadata': {'labelbox': {'event_type': 'LABEL_CREATED', 'label_updated_at': '2020-05-19T10:28:28.000Z', 'vendor_source_id': 'ckadry584bbf90757ook2exve', 'vendor_project_id': 'ck9f1j5bkoy8h0a1086g58d2x', 'datarow_id': 'ckabogxfd45l30hjsdu4vf2td', 'skipped': False, 'label_mask_hash': 'b520cae5b4097dafcabf34225e1cd733', 'seconds_to_label': 1803.509, 'label_created_by': 'sangita.d@imerit.net'}}, 'style': 'pixelwise', 's3_key': 'prod/pixelwise/5ec1c592f06ce035f7de597e.png', 's3_bucket': 'tartarus.annotations'}, {'_id': ObjectId('5ec3ec2ccb279cae42c6721b'), '_cls': 'PixelAnnotation', 'is_deleted': False, 'created_at': datetime.datetime(2020, 5, 19, 14, 24, 44, 283000), 'updated_at': datetime.datetime(2020, 5, 17, 23, 15, 30, 730000), 'prev_version': ObjectId('5ec1c592f06ce035f7de597e'), 'review_request': 0, 'review_reasons': [], 'label_policy': ObjectId('5eb48622e154067231d81219'), 'is_active_version': True, 'kind': 'labelbox', 'nothing_to_annotate': False, 'state': 'ok', 'label_map': {'1': 'crop', '2': 'weed'}, 'annotation_job_id': ObjectId('5ec1c592f06ce035f7de596b'), 'vendor_metadata': {'labelbox': {'event_type': 'MANUAL_FETCH', 'label_updated_at': '2020-05-19T14:24:50.000Z', 'vendor_source_id': 'ckadry584bbf90757ook2exve', 'vendor_project_id': 'ck9f1j5bkoy8h0a1086g58d2x', 'datarow_id': 'ckabogxfd45l30hjsdu4vf2td', 'skipped': False, 'label_mask_hash': '3101296ad94c83cfc6cb9ab6e19c5825', 'seconds_to_label': 2083.882, 'label_created_by': 'sangita.d@imerit.net', 'review_updated_at': '2020-05-19T14:24:41.000Z', 'review_created_by': 'lori.gibson@bluerivert.com', 'vendor_dataset_id': 'ck9f1j9chomkc0976dm6bqifu', 'vendor_external_id': '5ebc240b02a88ef0c54c7370,5ebc240b02a88ef0c54c736f,5ec1c592f06ce035f7de597e'}}, 'style': 'pixelwise', 's3_key': 'prod/pixelwise/5ec3ec2ccb279cae42c6721b.png', 's3_bucket': 'tartarus.annotations'}]","[{'_id': ObjectId('5ebc240b02a88ef0c54c736f'), 'kind': 'nrg', 'content_hash': '78845cff344eee211451ae128cd945ae', 's3_bucket': 'tartarus.images', 's3_key': 'prod/2020/05/13/16/d7c41a13249742b28b217cbc2752c403_nrg.png', 'web_s3_bucket': 'tartarus.images', 'web_s3_key': 'prod/2020/05/13/16/d7c41a13249742b28b217cbc2752c403_nrg.png', 'height': 1080, 'width': 1920}]",True,0504059c-f247-408f-90bd-a1d82e463b01,78845cff344eee211451ae128cd945ae,PARALLEL,fixed,1500,3.6,1.8,1,1.5240000486373901,Jabil,18.83621531432379,2,ar0233,nrg,PCCAMJA000409,BROKEN,['NONE'],HEALTHY,SMALL,SOYBEANS,LOW,turner south beans,stutts bros farm,TwoToFourInches,0.0,AUTONOMOUS,0.0,897dcd06-66a7-4769-8ab9-760037949b47,stutts bros,ISP,07090100,32.863075256347656,-91.7874755859375,scogFront,hilario,shasta,20,DCM-DOLPHIN,INCHES_TWIN_30,LIGHT,CONVENTIONAL,nrg,LOW,"['OTHER', 'OTHER_GRASS']",,2020-05-13 00:00:00.000
5ebc240a02a88ef0c54c7366,5ebc240a02a88ef0c54c7366,False,2020-05-13 16:04:11.750,"{'type': 'Point', 'coordinates': [-91.7874755859375, 32.86308288574219]}","[{'_id': ObjectId('5ec1c592f06ce035f7de597d'), '_cls': 'PixelAnnotation', 'is_deleted': False, 'created_at': datetime.datetime(2020, 5, 17, 23, 15, 30, 730000), 'updated_at': datetime.datetime(2020, 5, 17, 23, 15, 30, 730000), 'next_version': ObjectId('5ec3841e46a46a56de531a2d'), 'review_request': 0, 'review_reasons': [], 'label_policy': ObjectId('5eb48622e154067231d81219'), 'is_active_version': False, 'kind': 'labelbox', 'nothing_to_annotate': False, 'state': 'review', 'label_map': {'1': 'crop', '2': 'weed'}, 'annotation_job_id': ObjectId('5ec1c592f06ce035f7de596b'), 'vendor_metadata': {'labelbox': {'event_type': 'LABEL_CREATED', 'label_updated_at': '2020-05-19T06:42:08.000Z', 'vendor_source_id': 'ckadjv28a45i50757q8w2ffnj', 'vendor_project_id': 'ck9f1j5bkoy8h0a1086g58d2x', 'datarow_id': 'ckabogxfd45kz0hjs1o5rem49', 'skipped': False, 'label_mask_hash': '1edbf2aa707af6f803dc2fe40d008d1c', 'seconds_to_label': 1108.634, 'label_created_by': 'chiranjit.d@imerit.net'}}, 'style': 'pixelwise', 's3_key': 'prod/pixelwise/5ec1c592f06ce035f7de597d.png', 's3_bucket': 'tartarus.annotations'}, {'_id': ObjectId('5ec3841e46a46a56de531a2d'), '_cls': 'PixelAnnotation', 'is_deleted': False, 'created_at': datetime.datetime(2020, 5, 19, 7, 0, 46, 613000), 'updated_at': datetime.datetime(2020, 5, 17, 23, 15, 30, 730000), 'prev_version': ObjectId('5ec1c592f06ce035f7de597d'), 'next_version': ObjectId('5ec38a91ad296443af12cab8'), 'review_request': 0, 'review_reasons': [], 'label_policy': ObjectId('5eb48622e154067231d81219'), 'is_active_version': False, 'kind': 'labelbox', 'nothing_to_annotate': False, 'state': 'review', 'label_map': {'1': 'crop', '2': 'weed'}, 'annotation_job_id': ObjectId('5ec1c592f06ce035f7de596b'), 'vendor_metadata': {'labelbox': {'event_type': 'LABEL_UPDATED', 'label_updated_at': '2020-05-19T07:00:36.000Z', 'vendor_source_id': 'ckadjv28a45i50757q8w2ffnj', 'vendor_project_id': 'ck9f1j5bkoy8h0a1086g58d2x', 'datarow_id': 'ckabogxfd45kz0hjs1o5rem49', 'skipped': False, 'label_mask_hash': '32bb8dda281bc7ff377b235d4802c78e', 'seconds_to_label': 1707.641, 'label_created_by': 'chiranjit.d@imerit.net'}}, 'style': 'pixelwise', 's3_key': 'prod/pixelwise/5ec3841e46a46a56de531a2d.png', 's3_bucket': 'tartarus.annotations'}, {'_id': ObjectId('5ec38a91ad296443af12cab8'), '_cls': 'PixelAnnotation', 'is_deleted': False, 'created_at': datetime.datetime(2020, 5, 19, 7, 28, 17, 289000), 'updated_at': datetime.datetime(2020, 5, 17, 23, 15, 30, 730000), 'prev_version': ObjectId('5ec3841e46a46a56de531a2d'), 'next_version': ObjectId('5ec48051ce7cf4e480e0e1d9'), 'review_request': 0, 'review_reasons': [], 'label_policy': ObjectId('5eb48622e154067231d81219'), 'is_active_version': False, 'kind': 'labelbox', 'nothing_to_annotate': False, 'state': 'relabel', 'label_map': {'1': 'crop', '2': 'weed'}, 'annotation_job_id': ObjectId('5ec1c592f06ce035f7de596b'), 'vendor_metadata': {'labelbox': {'event_type': 'REVIEW_CREATED', 'label_updated_at': '2020-05-19T22:31:34.000Z', 'vendor_source_id': 'ckadjv28a45i50757q8w2ffnj', 'vendor_project_id': 'ck9f1j5bkoy8h0a1086g58d2x', 'datarow_id': 'ckabogxfd45kz0hjs1o5rem49', 'skipped': False, 'label_mask_hash': 'b75fa329f57971b4b216c0e5dda3e40c', 'seconds_to_label': 2393.79, 'label_created_by': 'chiranjit.d@imerit.net', 'review_updated_at': '2020-05-19T22:31:33.000Z', 'review_created_by': 'megan.patzoldt@bluerivert.com'}}, 'style': 'pixelwise', 's3_key': 'prod/pixelwise/5ec38a91ad296443af12cab8.png', 's3_bucket': 'tartarus.annotations'}, {'_id': ObjectId('5ec48051ce7cf4e480e0e1d9'), '_cls': 'PixelAnnotation', 'is_deleted': False, 'created_at': datetime.datetime(2020, 5, 20, 0, 56, 49, 785000), 'updated_at': datetime.datetime(2020, 5, 17, 23, 15, 30, 730000), 'prev_version': ObjectId('5ec38a91ad296443af12cab8'), 'next_version': ObjectId('5ec49e5ece7cf4e480e112d7'), 'review_request': 0, 'review_reasons': [], 'label_policy': ObjectId('5eb48622e154067231d81219'), 'is_active_version': False, 'kind': 'labelbox', 'nothing_to_annotate': False, 'state': 'relabel', 'label_map': {'1': 'crop', '2': 'weed'}, 'annotation_job_id': ObjectId('5ec1c592f06ce035f7de596b'), 'vendor_metadata': {'labelbox': {'event_type': 'REVIEW_CREATED', 'label_updated_at': '2020-05-20T01:37:40.000Z', 'vendor_source_id': 'ckadjv28a45i50757q8w2ffnj', 'vendor_project_id': 'ck9f1j5bkoy8h0a1086g58d2x', 'datarow_id': 'ckabogxfd45kz0hjs1o5rem49', 'skipped': False, 'label_mask_hash': '5df36412ceb0f9bd327d3712388d29c8', 'seconds_to_label': 2573.325, 'label_created_by': 'chiranjit.d@imerit.net', 'review_updated_at': '2020-05-20T01:37:39.000Z', 'review_created_by': 'linda.barry@bluerivert.com'}}, 'style': 'pixelwise', 's3_key': 'prod/pixelwise/5ec48051ce7cf4e480e0e1d9.png', 's3_bucket': 'tartarus.annotations'}, {'_id': ObjectId('5ec49e5ece7cf4e480e112d7'), '_cls': 'PixelAnnotation', 'is_deleted': False, 'created_at': datetime.datetime(2020, 5, 20, 3, 5, 2, 468000), 'updated_at': datetime.datetime(2020, 5, 17, 23, 15, 30, 730000), 'prev_version': ObjectId('5ec48051ce7cf4e480e0e1d9'), 'review_request': 0, 'review_reasons': [], 'label_policy': ObjectId('5eb48622e154067231d81219'), 'is_active_version': True, 'kind': 'labelbox', 'nothing_to_annotate': False, 'state': 'ok', 'label_map': {'1': 'crop', '2': 'weed'}, 'annotation_job_id': ObjectId('5ec1c592f06ce035f7de596b'), 'vendor_metadata': {'labelbox': {'event_type': 'MANUAL_FETCH', 'label_updated_at': '2020-05-20T07:21:05.000Z', 'vendor_source_id': 'ckadjv28a45i50757q8w2ffnj', 'vendor_project_id': 'ck9f1j5bkoy8h0a1086g58d2x', 'datarow_id': 'ckabogxfd45kz0hjs1o5rem49', 'skipped': False, 'label_mask_hash': '0f0bae24f191d2622c9c446b18f5cd89', 'seconds_to_label': 2860.102, 'label_created_by': 'chiranjit.d@imerit.net', 'review_updated_at': '2020-05-20T07:21:07.000Z', 'review_created_by': 'saru.bajracharya@es.cloudfactory.com', 'vendor_dataset_id': 'ck9f1j9chomkc0976dm6bqifu', 'vendor_external_id': '5ebc240a02a88ef0c54c7366,5ebc240a02a88ef0c54c7365,5ec1c592f06ce035f7de597d'}}, 'style': 'pixelwise', 's3_key': 'prod/pixelwise/5ec49e5ece7cf4e480e112d7.png', 's3_bucket': 'tartarus.annotations'}]","[{'_id': ObjectId('5ebc240a02a88ef0c54c7365'), 'kind': 'nrg', 'content_hash': '22a23ca00103e898722dbe2f8c27da38', 's3_bucket': 'tartarus.images', 's3_key': 'prod/2020/05/13/16/5a9f13fed1164bcc8ff04f7c21cf8fb5_nrg.png', 'web_s3_bucket': 'tartarus.images', 'web_s3_key': 'prod/2020/05/13/16/5a9f13fed1164bcc8ff04f7c21cf8fb5_nrg.png', 'height': 1080, 'width': 1920}]",True,aa3eeb09-cf45-4dd5-9240-e0284b671365,22a23ca00103e898722dbe2f8c27da38,PARALLEL,fixed,1500,3.6,1.8,1,1.5240000486373901,Jabil,18.83621531432379,2,ar0233,nrg,PCCAMJA000409,BROKEN,['NONE'],HEALTHY,SMALL,SOYBEANS,LOW,turner south beans,stutts bros farm,TwoToFourInches,0.0,AUTONOMOUS,0.0,6e1f627e-955d-4171-aa70-dad14a9af74f,stutts bros,ISP,07090100,32.86308288574219,-91.7874755859375,scogFront,hilario,shasta,20,DCM-DOLPHIN,INCHES_TWIN_30,LIGHT,CONVENTIONAL,nrg,LOW,"['OTHER', 'OTHER_GRASS']",,2020-05-13 00:00:00.000
5ebc240a02a88ef0c54c735c,5ebc240a02a88ef0c54c735c,False,2020-05-13 16:04:10.750,"{'type': 'Point', 'coordinates': [-91.7874755859375, 32.863094329833984]}","[{'_id': ObjectId('5ec1c592f06ce035f7de597c'), '_cls': 'PixelAnnotation', 'is_deleted': False, 'created_at': datetime.datetime(2020, 5, 17, 23, 15, 30, 730000), 'updated_at': datetime.datetime(2020, 5, 17, 23, 15, 30, 730000), 'next_version': ObjectId('5ec40fe509c99b31c17d7285'), 'review_request': 0, 'review_reasons': [], 'label_policy': ObjectId('5eb48622e154067231d81219'), 'is_active_version': False, 'kind': 'labelbox', 'nothing_to_annotate': False, 'state': 'review', 'label_map': {'1': 'crop', '2': 'weed'}, 'annotation_job_id': ObjectId('5ec1c592f06ce035f7de596b'), 'vendor_metadata': {'labelbox': {'event_type': 'LABEL_CREATED', 'label_updated_at': '2020-05-19T09:55:57.000Z', 'vendor_source_id': 'ckadqsb7ha9io0757s32ge778', 'vendor_project_id': 'ck9f1j5bkoy8h0a1086g58d2x', 'datarow_id': 'ckabogxfd45kv0hjs5mbygefn', 'skipped': False, 'label_mask_hash': 'f6ccdf2047635c07fb5081be9ef10850', 'seconds_to_label': 1791.569, 'label_created_by': 'raj.mondal@imerit.net'}}, 'style': 'pixelwise', 's3_key': 'prod/pixelwise/5ec1c592f06ce035f7de597c.png', 's3_bucket': 'tartarus.annotations'}, {'_id': ObjectId('5ec40fe509c99b31c17d7285'), '_cls': 'PixelAnnotation', 'is_deleted': False, 'created_at': datetime.datetime(2020, 5, 19, 16, 57, 9, 266000), 'updated_at': datetime.datetime(2020, 5, 17, 23, 15, 30, 730000), 'prev_version': ObjectId('5ec1c592f06ce035f7de597c'), 'next_version': ObjectId('5ec48cbece7cf4e480e0eba6'), 'review_request': 0, 'review_reasons': [], 'label_policy': ObjectId('5eb48622e154067231d81219'), 'is_active_version': False, 'kind': 'labelbox', 'nothing_to_annotate': False, 'state': 'review', 'label_map': {'1': 'crop', '2': 'weed'}, 'annotation_job_id': ObjectId('5ec1c592f06ce035f7de596b'), 'vendor_metadata': {'labelbox': {'event_type': 'REVIEW_UPDATED', 'label_updated_at': '2020-05-19T16:56:57.000Z', 'vendor_source_id': 'ckadqsb7ha9io0757s32ge778', 'vendor_project_id': 'ck9f1j5bkoy8h0a1086g58d2x', 'datarow_id': 'ckabogxfd45kv0hjs5mbygefn', 'skipped': False, 'label_mask_hash': '1b540c85fd6e75a4a40ba92a017a4cb8', 'seconds_to_label': 1791.569, 'label_created_by': 'raj.mondal@imerit.net', 'review_updated_at': '2020-05-19T16:56:52.000Z', 'review_created_by': 'lori.gibson@bluerivert.com'}}, 'style': 'pixelwise', 's3_key': 'prod/pixelwise/5ec40fe509c99b31c17d7285.png', 's3_bucket': 'tartarus.annotations'}, {'_id': ObjectId('5ec48cbece7cf4e480e0eba6'), '_cls': 'PixelAnnotation', 'is_deleted': False, 'created_at': datetime.datetime(2020, 5, 20, 1, 49, 50, 11000), 'updated_at': datetime.datetime(2020, 5, 17, 23, 15, 30, 730000), 'prev_version': ObjectId('5ec40fe509c99b31c17d7285'), 'next_version': ObjectId('5ec49d95ce7cf4e480e10f0c'), 'review_request': 0, 'review_reasons': [], 'label_policy': ObjectId('5eb48622e154067231d81219'), 'is_active_version': False, 'kind': 'labelbox', 'nothing_to_annotate': False, 'state': 'relabel', 'label_map': {'1': 'crop', '2': 'weed'}, 'annotation_job_id': ObjectId('5ec1c592f06ce035f7de596b'), 'vendor_metadata': {'labelbox': {'event_type': 'REVIEW_CREATED', 'label_updated_at': '2020-05-20T01:53:47.000Z', 'vendor_source_id': 'ckadqsb7ha9io0757s32ge778', 'vendor_project_id': 'ck9f1j5bkoy8h0a1086g58d2x', 'datarow_id': 'ckabogxfd45kv0hjs5mbygefn', 'skipped': False, 'label_mask_hash': 'e7bb0d6732e1c5314280e46042a3603a', 'seconds_to_label': 1791.569, 'label_created_by': 'raj.mondal@imerit.net', 'review_updated_at': '2020-05-20T01:53:36.000Z', 'review_created_by': 'aarati.tandukar@es.cloudfactory.com'}}, 'style': 'pixelwise', 's3_key': 'prod/pixelwise/5ec48cbece7cf4e480e0eba6.png', 's3_bucket': 'tartarus.annotations'}, {'_id': ObjectId('5ec49d95ce7cf4e480e10f0c'), '_cls': 'PixelAnnotation', 'is_deleted': False, 'created_at': datetime.datetime(2020, 5, 20, 3, 1, 41, 581000), 'updated_at': datetime.datetime(2020, 5, 17, 23, 15, 30, 730000), 'prev_version': ObjectId('5ec48cbece7cf4e480e0eba6'), 'review_request': 0, 'review_reasons': [], 'label_policy': ObjectId('5eb48622e154067231d81219'), 'is_active_version': True, 'kind': 'labelbox', 'nothing_to_annotate': False, 'state': 'ok', 'label_map': {'1': 'crop', '2': 'weed'}, 'annotation_job_id': ObjectId('5ec1c592f06ce035f7de596b'), 'vendor_metadata': {'labelbox': {'event_type': 'MANUAL_FETCH', 'label_updated_at': '2020-05-20T03:22:06.000Z', 'vendor_source_id': 'ckadqsb7ha9io0757s32ge778', 'vendor_project_id': 'ck9f1j5bkoy8h0a1086g58d2x', 'datarow_id': 'ckabogxfd45kv0hjs5mbygefn', 'skipped': False, 'label_mask_hash': '36ae0a736f9975d1128560b24bc703af', 'seconds_to_label': 2560.47, 'label_created_by': 'raj.mondal@imerit.net', 'review_updated_at': '2020-05-20T03:21:56.000Z', 'review_created_by': 'linda.barry@bluerivert.com', 'vendor_dataset_id': 'ck9f1j9chomkc0976dm6bqifu', 'vendor_external_id': '5ebc240a02a88ef0c54c735c,5ebc240a02a88ef0c54c735b,5ec1c592f06ce035f7de597c'}}, 'style': 'pixelwise', 's3_key': 'prod/pixelwise/5ec49d95ce7cf4e480e10f0c.png', 's3_bucket': 'tartarus.annotations'}]","[{'_id': ObjectId('5ebc240a02a88ef0c54c735b'), 'kind': 'nrg', 'content_hash': '2c3abd50041b05285895acf3426e651c', 's3_bucket': 'tartarus.images', 's3_key': 'prod/2020/05/13/16/9f67e83a7eaf4085b15bd8fb4eeb395b_nrg.png', 'web_s3_bucket': 'tartarus.images', 'web_s3_key': 'prod/2020/05/13/16/9f67e83a7eaf4085b15bd8fb4eeb395b_nrg.png', 'height': 1080, 'width': 1920}]",True,5b29b2e5-ee8f-44cf-9cf2-20d400c928da,2c3abd50041b05285895acf3426e651c,PARALLEL,fixed,1500,3.6,1.8,1,1.5240000486373901,Jabil,18.83621531432379,2,ar0233,nrg,PCCAMJA000409,BROKEN,['NONE'],HEALTHY,SMALL,SOYBEANS,LOW,turner south beans,stutts bros farm,TwoToFourInches,0.0,AUTONOMOUS,0.0,561d5126-765d-4774-8093-daf8af230aed,stutts bros,ISP,07090100,32.863094329833984,-91.7874755859375,scogFront,hilario,shasta,20,DCM-DOLPHIN,INCHES_TWIN_30,LIGHT,CONVENTIONAL,nrg,LOW,"['OTHER', 'OTHER_GRASS']",,2020-05-13 00:00:00.000
5ebc240a02a88ef0c54c7352,5ebc240a02a88ef0c54c7352,False,2020-05-13 16:04:09.750,"{'type': 'Point', 'coordinates': [-91.7874755859375, 32.863101959228516]}","[{'_id': ObjectId('5ec1c592f06ce035f7de597b'), '_cls': 'PixelAnnotation', 'is_deleted': False, 'created_at': datetime.datetime(2020, 5, 17, 23, 15, 30, 729000), 'updated_at': datetime.datetime(2020, 5, 17, 23, 15, 30, 729000), 'next_version': ObjectId('5ec75cd1c439c8bd71260ad7'), 'review_request': 0, 'review_reasons': [], 'label_policy': ObjectId('5eb48622e154067231d81219'), 'is_active_version': False, 'kind': 'labelbox', 'nothing_to_annotate': False, 'state': 'review', 'label_map': {'1': 'crop', '2': 'weed'}, 'annotation_job_id': ObjectId('5ec1c592f06ce035f7de596b'), 'vendor_metadata': {'labelbox': {'event_type': 'LABEL_CREATED', 'label_updated_at': '2020-05-22T04:56:21.000Z', 'vendor_source_id': 'ckahqel7l405k0836nq3ca8ew', 'vendor_project_id': 'ck9f1j5bkoy8h0a1086g58d2x', 'datarow_id': 'ckabogxfd45kr0hjsdltxas8h', 'skipped': False, 'label_mask_hash': '8a9e5a131384d7dde11269a4e99c6ae4', 'seconds_to_label': 449.949, 'label_created_by': 'manisha.chourasia@imerit.net'}}, 'style': 'pixelwise', 's3_key': 'prod/pixelwise/5ec1c592f06ce035f7de597b.png', 's3_bucket': 'tartarus.annotations'}, {'_id': ObjectId('5ec75cd1c439c8bd71260ad7'), '_cls': 'PixelAnnotation', 'is_deleted': False, 'created_at': datetime.datetime(2020, 5, 22, 5, 2, 9, 922000), 'updated_at': datetime.datetime(2020, 5, 17, 23, 15, 30, 729000), 'prev_version': ObjectId('5ec1c592f06ce035f7de597b'), 'next_version': ObjectId('5ec75d5c685b95f1abac0f0e'), 'review_request': 0, 'review_reasons': [], 'label_policy': ObjectId('5eb48622e154067231d81219'), 'is_active_version': False, 'kind': 'labelbox', 'nothing_to_annotate': False, 'state': 'review', 'label_map': {'1': 'crop', '2': 'weed'}, 'annotation_job_id': ObjectId('5ec1c592f06ce035f7de596b'), 'vendor_metadata': {'labelbox': {'event_type': 'LABEL_UPDATED', 'label_updated_at': '2020-05-22T05:01:58.000Z', 'vendor_source_id': 'ckahqel7l405k0836nq3ca8ew', 'vendor_project_id': 'ck9f1j5bkoy8h0a1086g58d2x', 'datarow_id': 'ckabogxfd45kr0hjsdltxas8h', 'skipped': False, 'label_mask_hash': '072978aba218a4192d04c9828c2f39ff', 'seconds_to_label': 665.892, 'label_created_by': 'manisha.chourasia@imerit.net'}}, 'style': 'pixelwise', 's3_key': 'prod/pixelwise/5ec75cd1c439c8bd71260ad7.png', 's3_bucket': 'tartarus.annotations'}, {'_id': ObjectId('5ec75d5c685b95f1abac0f0e'), '_cls': 'PixelAnnotation', 'is_deleted': False, 'created_at': datetime.datetime(2020, 5, 22, 5, 4, 28, 132000), 'updated_at': datetime.datetime(2020, 5, 17, 23, 15, 30, 729000), 'prev_version': ObjectId('5ec75cd1c439c8bd71260ad7'), 'next_version': ObjectId('5ec75d8df3ea4e164a7c5db7'), 'review_request': 0, 'review_reasons': [], 'label_policy': ObjectId('5eb48622e154067231d81219'), 'is_active_version': False, 'kind': 'labelbox', 'nothing_to_annotate': False, 'state': 'review', 'label_map': {'1': 'crop', '2': 'weed'}, 'annotation_job_id': ObjectId('5ec1c592f06ce035f7de596b'), 'vendor_metadata': {'labelbox': {'event_type': 'LABEL_UPDATED', 'label_updated_at': '2020-05-22T05:04:23.000Z', 'vendor_source_id': 'ckahqel7l405k0836nq3ca8ew', 'vendor_project_id': 'ck9f1j5bkoy8h0a1086g58d2x', 'datarow_id': 'ckabogxfd45kr0hjsdltxas8h', 'skipped': False, 'label_mask_hash': 'b5fb6ed57d3e54162d1387d5cb1748f6', 'seconds_to_label': 807.63, 'label_created_by': 'manisha.chourasia@imerit.net'}}, 'style': 'pixelwise', 's3_key': 'prod/pixelwise/5ec75d5c685b95f1abac0f0e.png', 's3_bucket': 'tartarus.annotations'}, {'_id': ObjectId('5ec75d8df3ea4e164a7c5db7'), '_cls': 'PixelAnnotation', 'is_deleted': False, 'created_at': datetime.datetime(2020, 5, 22, 5, 5, 17, 881000), 'updated_at': datetime.datetime(2020, 5, 17, 23, 15, 30, 729000), 'prev_version': ObjectId('5ec75d5c685b95f1abac0f0e'), 'review_request': 0, 'review_reasons': [], 'label_policy': ObjectId('5eb48622e154067231d81219'), 'is_active_version': True, 'kind': 'labelbox', 'nothing_to_annotate': False, 'state': 'ok', 'label_map': {'1': 'crop', '2': 'weed'}, 'annotation_job_id': ObjectId('5ec1c592f06ce035f7de596b'), 'vendor_metadata': {'labelbox': {'event_type': 'MANUAL_FETCH', 'label_updated_at': '2020-05-25T06:09:06.000Z', 'vendor_source_id': 'ckahqel7l405k0836nq3ca8ew', 'vendor_project_id': 'ck9f1j5bkoy8h0a1086g58d2x', 'datarow_id': 'ckabogxfd45kr0hjsdltxas8h', 'skipped': False, 'label_mask_hash': 'dbbec920de58b9e2c4922101abb76653', 'seconds_to_label': 1120.524, 'label_created_by': 'manisha.chourasia@imerit.net', 'review_updated_at': '2020-05-25T06:08:28.000Z', 'review_created_by': 'sameer.bhattarai@es.cloudfactory.com', 'vendor_dataset_id': 'ck9f1j9chomkc0976dm6bqifu', 'vendor_external_id': '5ebc240a02a88ef0c54c7352,5ebc240a02a88ef0c54c7351,5ec1c592f06ce035f7de597b'}}, 'style': 'pixelwise', 's3_key': 'prod/pixelwise/5ec75d8df3ea4e164a7c5db7.png', 's3_bucket': 'tartarus.annotations'}]","[{'_id': ObjectId('5ebc240a02a88ef0c54c7351'), 'kind': 'nrg', 'content_hash': '944c717cf41ebe0a56af212154665e58', 's3_bucket': 'tartarus.images', 's3_key': 'prod/2020/05/13/16/dfc9d7ead7424f8197ea860d7bf5537d_nrg.png', 'web_s3_bucket': 'tartarus.images', 'web_s3_key': 'prod/2020/05/13/16/dfc9d7ead7424f8197ea860d7bf5537d_nrg.png', 'height': 1080, 'width': 1920}]",True,b39d343a-c92e-4b2a-adc0-13ca08d8fc79,944c717cf41ebe0a56af212154665e58,PARALLEL,fixed,1500,3.6,1.8,1,1.5240000486373901,Jabil,18.83621531432379,2,ar0233,nrg,PCCAMJA000409,BROKEN,['NONE'],HEALTHY,SMALL,SOYBEANS,LOW,turner south beans,stutts bros farm,TwoToFourInches,0.0,AUTONOMOUS,0.0,c090202b-d3b4-4859-bfb2-c3759dcf05ce,stutts bros,ISP,07090100,32.863101959228516,-91.7874755859375,scogFront,hilario,shasta,20,DCM-DOLPHIN,INCHES_TWIN_30,LIGHT,CONVENTIONAL,nrg,LOW,"['OTHER', 'OTHER_GRASS']",,2020-05-13 00:00:00.000
5ebc240a02a88ef0c54c7348,5ebc240a02a88ef0c54c7348,False,2020-05-13 16:04:08.750,"{'type': 'Point', 'coordinates': [-91.7874755859375, 32.86310958862305]}","[{'_id': ObjectId('5ec1c592f06ce035f7de597a'), '_cls': 'PixelAnnotation', 'is_deleted': False, 'created_at': datetime.datetime(2020, 5, 17, 23, 15, 30, 729000), 'updated_at': datetime.datetime(2020, 5, 17, 23, 15, 30, 729000), 'review_request': 0, 'review_reasons': [], 'label_policy': ObjectId('5eb48622e154067231d81219'), 'is_active_version': True, 'kind': 'labelbox', 'nothing_to_annotate': False, 'state': 'ok', 'label_map': {'1': 'crop', '2': 'weed'}, 'annotation_job_id': ObjectId('5ec1c592f06ce035f7de596b'), 'vendor_metadata': {'labelbox': {'event_type': 'MANUAL_FETCH', 'label_updated_at': '2020-05-19T06:31:23.000Z', 'vendor_source_id': 'ckadiuepmbn4h0918kuh2fbyf', 'vendor_project_id': 'ck9f1j5bkoy8h0a1086g58d2x', 'datarow_id': 'ckabogxfd45kn0hjs93h28mq0', 'skipped': False, 'label_mask_hash': 'da8e80352c8be6fec9fa6ab5532cd679', 'seconds_to_label': 1658.442, 'label_created_by': 'riya.ka@imerit.net', 'review_updated_at': '2020-05-19T06:31:24.000Z', 'review_created_by': 'rashmi.shrestha03@es.cloudfactory.com', 'vendor_dataset_id': 'ck9f1j9chomkc0976dm6bqifu', 'vendor_external_id': '5ebc240a02a88ef0c54c7348,5ebc240a02a88ef0c54c7347,5ec1c592f06ce035f7de597a'}}, 'style': 'pixelwise', 's3_bucket': 'tartarus.annotations', 's3_key': 'prod/pixelwise/5ec1c592f06ce035f7de597a.png'}]","[{'_id': ObjectId('5ebc240a02a88ef0c54c7347'), 'kind': 'nrg', 'content_hash': '48e66548ceefdaf83f53f23f73605de7', 's3_bucket': 'tartarus.images', 's3_key': 'prod/2020/05/13/16/9baff5b108dc422b8ac7693977f099fa_nrg.png', 'web_s3_bucket': 'tartarus.images', 'web_s3_key': 'prod/2020/05/13/16/9baff5b108dc422b8ac7693977f099fa_nrg.png', 'height': 1080, 'width': 1920}]",True,45b16ace-946e-4ad4-898a-2839f99522bb,48e66548ceefdaf83f53f23f73605de7,PARALLEL,fixed,1500,3.6,1.8,1,1.5240000486373901,Jabil,18.83621531432379,2,ar0233,nrg,PCCAMJA000409,BROKEN,['NONE'],HEALTHY,SMALL,SOYBEANS,LOW,turner south beans,stutts bros farm,TwoToFourInches,0.0,AUTONOMOUS,0.0,da067da4-52f5-4411-87a0-f64f1006b526,stutts bros,ISP,07090100,32.86310958862305,-91.7874755859375,scogFront,hilario,shasta,20,DCM-DOLPHIN,INCHES_TWIN_30,LIGHT,CONVENTIONAL,nrg,LOW,"['OTHER', 'OTHER_GRASS']",,2020-05-13 00:00:00.000
5ebc240a02a88ef0c54c733e,5ebc240a02a88ef0c54c733e,False,2020-05-13 16:04:07.750,"{'type': 'Point', 'coordinates': [-91.7874755859375, 32.86311721801758]}","[{'_id': ObjectId('5ec1c592f06ce035f7de5979'), '_cls': 'PixelAnnotation', 'is_deleted': False, 'created_at': datetime.datetime(2020, 5, 17, 23, 15, 30, 729000), 'updated_at': datetime.datetime(2020, 5, 17, 23, 15, 30, 729000), 'review_request': 0, 'review_reasons': [], 'label_policy': ObjectId('5eb48622e154067231d81219'), 'is_active_version': True, 'kind': 'labelbox', 'nothing_to_annotate': False, 'state': 'ok', 'label_map': {'1': 'crop', '2': 'weed'}, 'annotation_job_id': ObjectId('5ec1c592f06ce035f7de596b'), 'vendor_metadata': {'labelbox': {'event_type': 'MANUAL_FETCH', 'label_updated_at': '2020-05-20T02:16:44.000Z', 'vendor_source_id': 'ckaeplpam09iu09185tljt6bm', 'vendor_project_id': 'ck9f1j5bkoy8h0a1086g58d2x', 'datarow_id': 'ckabogxfd45kj0hjs3furfcg9', 'skipped': False, 'label_mask_hash': '289448e6d62700d93c6bf4dbb8ebd922', 'seconds_to_label': 1307.574, 'label_created_by': 'khushnood.iqbal@imerit.net', 'review_updated_at': '2020-05-20T02:16:38.000Z', 'review_created_by': 'prabin.maharjan01@es.cloudfactory.com', 'vendor_dataset_id': 'ck9f1j9chomkc0976dm6bqifu', 'vendor_external_id': '5ebc240a02a88ef0c54c733e,5ebc240a02a88ef0c54c733d,5ec1c592f06ce035f7de5979'}}, 'style': 'pixelwise', 's3_bucket': 'tartarus.annotations', 's3_key': 'prod/pixelwise/5ec1c592f06ce035f7de5979.png'}]","[{'_id': ObjectId('5ebc240a02a88ef0c54c733d'), 'kind': 'nrg', 'content_hash': '58d3a401d4694815ef0e201d2f9f6e20', 's3_bucket': 'tartarus.images', 's3_key': 'prod/2020/05/13/16/ccaf1619967e49d382d33e1637d82c5c_nrg.png', 'web_s3_bucket': 'tartarus.images', 'web_s3_key': 'prod/2020/05/13/16/ccaf1619967e49d382d33e1637d82c5c_nrg.png', 'height': 1080, 'width': 1920}]",True,2f602434-6051-451f-8cdd-8f8380bb37f2,58d3a401d4694815ef0e201d2f9f6e20,PARALLEL,fixed,1500,3.6,1.8,1,1.5240000486373901,Jabil,18.83621531432379,2,ar0233,nrg,PCCAMJA000409,BROKEN,['NONE'],HEALTHY,SMALL,SOYBEANS,LOW,turner south beans,stutts bros farm,TwoToFourInches,0.0,AUTONOMOUS,0.0,7b9070f9-d5d3-4f4e-b1c8-34b872fd33c9,stutts bros,ISP,07090100,32.86311721801758,-91.7874755859375,scogFront,hilario,shasta,20,DCM-DOLPHIN,INCHES_TWIN_30,LIGHT,CONVENTIONAL,nrg,LOW,"['OTHER', 'OTHER_GRASS']",,2020-05-13 00:00:00.000
5ebc240902a88ef0c54c732a,5ebc240902a88ef0c54c732a,False,2020-05-13 16:04:06.750,"{'type': 'Point', 'coordinates': [-91.7874755859375, 32.86312484741211]}","[{'_id': ObjectId('5ec1c592f06ce035f7de5977'), '_cls': 'PixelAnnotation', 'is_deleted': False, 'created_at': datetime.datetime(2020, 5, 17, 23, 15, 30, 728000), 'updated_at': datetime.datetime(2020, 5, 17, 23, 15, 30, 728000), 'next_version': ObjectId('5ec378b350d993ccc2e058fb'), 'review_request': 0, 'review_reasons': [], 'label_policy': ObjectId('5eb48622e154067231d81219'), 'is_active_version': False, 'kind': 'labelbox', 'nothing_to_annotate': False, 'state': 'review', 'label_map': {'1': 'crop', '2': 'weed'}, 'annotation_job_id': ObjectId('5ec1c592f06ce035f7de596b'), 'vendor_metadata': {'labelbox': {'event_type': 'LABEL_CREATED', 'label_updated_at': '2020-05-19T05:59:40.000Z', 'vendor_source_id': 'ckadicgjoaw1f0b12xvioz48u', 'vendor_project_id': 'ck9f1j5bkoy8h0a1086g58d2x', 'datarow_id': 'ckabogxfc45kb0hjs2oiueom2', 'skipped': False, 'label_mask_hash': '1f31fd70f556f83dee50229b58029ab7', 'seconds_to_label': 1092.092, 'label_created_by': 'bapon.sardar@imerit.net'}}, 'style': 'pixelwise', 's3_key': 'prod/pixelwise/5ec1c592f06ce035f7de5977.png', 's3_bucket': 'tartarus.annotations'}, {'_id': ObjectId('5ec378b350d993ccc2e058fb'), '_cls': 'PixelAnnotation', 'is_deleted': False, 'created_at': datetime.datetime(2020, 5, 19, 6, 12, 3, 367000), 'updated_at': datetime.datetime(2020, 5, 17, 23, 15, 30, 728000), 'prev_version': ObjectId('5ec1c592f06ce035f7de5977'), 'review_request': 0, 'review_reasons': [], 'label_policy': ObjectId('5eb48622e154067231d81219'), 'is_active_version': True, 'kind': 'labelbox', 'nothing_to_annotate': False, 'state': 'ok', 'label_map': {'1': 'crop', '2': 'weed'}, 'annotation_job_id': ObjectId('5ec1c592f06ce035f7de596b'), 'vendor_metadata': {'labelbox': {'event_type': 'MANUAL_FETCH', 'label_updated_at': '2020-05-19T06:12:14.000Z', 'vendor_source_id': 'ckadicgjoaw1f0b12xvioz48u', 'vendor_project_id': 'ck9f1j5bkoy8h0a1086g58d2x', 'datarow_id': 'ckabogxfc45kb0hjs2oiueom2', 'skipped': False, 'label_mask_hash': 'b95ca660f1778f805297fa894efa6499', 'seconds_to_label': 1657.952, 'label_created_by': 'bapon.sardar@imerit.net', 'review_updated_at': '2020-05-19T06:12:01.000Z', 'review_created_by': 'anjala.chaudhary@es.cloudfactory.com', 'vendor_dataset_id': 'ck9f1j9chomkc0976dm6bqifu', 'vendor_external_id': '5ebc240902a88ef0c54c732a,5ebc240902a88ef0c54c7329,5ec1c592f06ce035f7de5977'}}, 'style': 'pixelwise', 's3_key': 'prod/pixelwise/5ec378b350d993ccc2e058fb.png', 's3_bucket': 'tartarus.annotations'}]","[{'_id': ObjectId('5ebc240902a88ef0c54c7329'), 'kind': 'nrg', 'content_hash': 'ded99e9c10d80db20401e01df05b5c7c', 's3_bucket': 'tartarus.images', 's3_key': 'prod/2020/05/13/16/44836c1075d3414fb7d57de5b71c8788_nrg.png', 'web_s3_bucket': 'tartarus.images', 'web_s3_key': 'prod/2020/05/13/16/44836c1075d3414fb7d57de5b71c8788_nrg.png', 'height': 1080, 'width': 1920}]",True,7aca63f1-9677-4627-955d-a89ff50a67f8,ded99e9c10d80db20401e01df05b5c7c,PARALLEL,fixed,1500,3.6,1.8,1,1.5240000486373901,Jabil,18.83621531432379,2,ar0233,nrg,PCCAMJA000409,BROKEN,['NONE'],HEALTHY,SMALL,SOYBEANS,LOW,turner south beans,stutts bros farm,TwoToFourInches,0.0,AUTONOMOUS,0.0,b892f654-296c-4461-8082-530bb1c8ed5e,stutts bros,ISP,07090100,32.86312484741211,-91.7874755859375,scogFront,hilario,shasta,20,DCM-DOLPHIN,INCHES_TWIN_30,LIGHT,CONVENTIONAL,nrg,LOW,"['OTHER', 'OTHER_GRASS']",,2020-05-13 00:00:00.000
5ebc240902a88ef0c54c7320,5ebc240902a88ef0c54c7320,False,2020-05-13 16:04:05.750,"{'type': 'Point', 'coordinates': [-91.78748321533203, 32.86312484741211]}","[{'_id': ObjectId('5ec1c592f06ce035f7de5976'), '_cls': 'PixelAnnotation', 'is_deleted': False, 'created_at': datetime.datetime(2020, 5, 17, 23, 15, 30, 728000), 'updated_at': datetime.datetime(2020, 5, 17, 23, 15, 30, 728000), 'review_request': 0, 'review_reasons': [], 'label_policy': ObjectId('5eb48622e154067231d81219'), 'is_active_version': True, 'kind': 'labelbox', 'nothing_to_annotate': False, 'state': 'ok', 'label_map': {'1': 'crop', '2': 'weed'}, 'annotation_job_id': ObjectId('5ec1c592f06ce035f7de596b'), 'vendor_metadata': {'labelbox': {'event_type': 'MANUAL_FETCH', 'label_updated_at': '2020-05-20T05:29:00.000Z', 'vendor_source_id': 'ckaes4byjtinc07576cftfmld', 'vendor_project_id': 'ck9f1j5bkoy8h0a1086g58d2x', 'datarow_id': 'ckabogxfc45k70hjs7pw5f79p', 'skipped': False, 'label_mask_hash': 'dddb53f2bf899dc2a53c79939802d081', 'seconds_to_label': 996.988, 'label_created_by': 'saiqua.parveen@imerit.net', 'review_updated_at': '2020-05-20T05:28:40.000Z', 'review_created_by': 'saurab.chand@es.cloudfactory.com', 'vendor_dataset_id': 'ck9f1j9chomkc0976dm6bqifu', 'vendor_external_id': '5ebc240902a88ef0c54c7320,5ebc240902a88ef0c54c731f,5ec1c592f06ce035f7de5976'}}, 'style': 'pixelwise', 's3_bucket': 'tartarus.annotations', 's3_key': 'prod/pixelwise/5ec1c592f06ce035f7de5976.png'}]","[{'_id': ObjectId('5ebc240902a88ef0c54c731f'), 'kind': 'nrg', 'content_hash': '2f73926515204cc88761e0964c349a53', 's3_bucket': 'tartarus.images', 's3_key': 'prod/2020/05/13/16/6d3992a641e64184b8c2774cb829d1d6_nrg.png', 'web_s3_bucket': 'tartarus.images', 'web_s3_key': 'prod/2020/05/13/16/6d3992a641e64184b8c2774cb829d1d6_nrg.png', 'height': 1080, 'width': 1920}]",True,1903f505-8ad6-4de9-aabd-9b441596e663,2f73926515204cc88761e0964c349a53,PARALLEL,fixed,1500,3.6,1.8,1,1.5240000486373901,Jabil,18.83621531432379,2,ar0233,nrg,PCCAMJA000409,BROKEN,['NONE'],HEALTHY,SMALL,SOYBEANS,LOW,turner south beans,stutts bros farm,TwoToFourInches,0.0,AUTONOMOUS,0.0,50accbe6-7cdb-4d02-8d52-d7a2f209cb56,stutts bros,ISP,07090100,32.86312484741211,-91.78748321533203,scogFront,hilario,shasta,20,DCM-DOLPHIN,INCHES_TWIN_30,LIGHT,CONVENTIONAL,nrg,LOW,"['OTHER', 'OTHER_GRASS']",,2020-05-13 00:00:00.000
5ebc240902a88ef0c54c7316,5ebc240902a88ef0c54c7316,False,2020-05-13 16:04:04.750,"{'type': 'Point', 'coordinates': [-91.78748321533203, 32.86313247680664]}","[{'_id': ObjectId('5ec1c592f06ce035f7de5975'), '_cls': 'PixelAnnotation', 'is_deleted': False, 'created_at': datetime.datetime(2020, 5, 17, 23, 15, 30, 728000), 'updated_at': datetime.datetime(2020, 5, 17, 23, 15, 30, 728000), 'next_version': ObjectId('5ed0ea0b5f76b6bc060bc55a'), 'review_request': 0, 'review_reasons': [], 'label_policy': ObjectId('5eb48622e154067231d81219'), 'is_active_version': False, 'kind': 'labelbox', 'nothing_to_annotate': False, 'state': 'relabel', 'label_map': {'1': 'crop', '2': 'weed'}, 'annotation_job_id': ObjectId('5ec1c592f06ce035f7de596b'), 'vendor_metadata': {'labelbox': {'event_type': 'REVIEW_CREATED', 'label_updated_at': '2020-05-20T02:49:22.000Z', 'vendor_source_id': 'ckadm7kyffbit0854vaidkngj', 'vendor_project_id': 'ck9f1j5bkoy8h0a1086g58d2x', 'datarow_id': 'ckabogxfc45k30hjs58gc4b7l', 'skipped': False, 'label_mask_hash': '88b34bbd4ec8a7f125d43ea88e8ab850', 'seconds_to_label': 2263.692, 'label_created_by': 'munmun.bi@imerit.net', 'review_updated_at': '2020-05-20T02:48:19.000Z', 'review_created_by': 'aashish.maharjan@es.cloudfactory.com'}}, 'style': 'pixelwise', 's3_key': 'prod/pixelwise/5ec1c592f06ce035f7de5975.png', 's3_bucket': 'tartarus.annotations'}, {'_id': ObjectId('5ed0ea0b5f76b6bc060bc55a'), '_cls': 'PixelAnnotation', 'is_deleted': False, 'created_at': datetime.datetime(2020, 5, 29, 10, 55, 7, 551000), 'updated_at': datetime.datetime(2020, 5, 17, 23, 15, 30, 728000), 'prev_version': ObjectId('5ec1c592f06ce035f7de5975'), 'review_request': 0, 'review_reasons': [], 'label_policy': ObjectId('5eb48622e154067231d81219'), 'is_active_version': True, 'kind': 'labelbox', 'nothing_to_annotate': False, 'state': 'ok', 'label_map': {'1': 'crop', '2': 'weed'}, 'annotation_job_id': ObjectId('5ec1c592f06ce035f7de596b'), 'vendor_metadata': {'labelbox': {'event_type': 'REVIEW_CREATED', 'label_updated_at': '2020-06-03T04:42:56.000Z', 'vendor_source_id': 'ckadm7kyffbit0854vaidkngj', 'vendor_project_id': 'ck9f1j5bkoy8h0a1086g58d2x', 'datarow_id': 'ckabogxfc45k30hjs58gc4b7l', 'skipped': False, 'label_mask_hash': '8bcc90c0b87325eb4613d5293f766170', 'seconds_to_label': 2625.148, 'label_created_by': 'munmun.bi@imerit.net', 'review_updated_at': '2020-06-03T04:42:56.000Z', 'review_created_by': 'aashish.maharjan@es.cloudfactory.com', 'vendor_dataset_id': 'ck9f1j9chomkc0976dm6bqifu', 'vendor_external_id': '5ebc240902a88ef0c54c7316,5ebc240902a88ef0c54c7315,5ec1c592f06ce035f7de5975'}}, 'style': 'pixelwise', 's3_key': 'prod/pixelwise/5ed0ea0b5f76b6bc060bc55a.png', 's3_bucket': 'tartarus.annotations'}]","[{'_id': ObjectId('5ebc240902a88ef0c54c7315'), 'kind': 'nrg', 'content_hash': '91f15f06f81e02c2aad695f4b126ddaa', 's3_bucket': 'tartarus.images', 's3_key': 'prod/2020/05/13/16/8200e1bd056e478781ca714c899fa4c7_nrg.png', 'web_s3_bucket': 'tartarus.images', 'web_s3_key': 'prod/2020/05/13/16/8200e1bd056e478781ca714c899fa4c7_nrg.png', 'height': 1080, 'width': 1920}]",True,a537efe0-7e02-4200-b0ac-66d7c57e8ceb,91f15f06f81e02c2aad695f4b126ddaa,PARALLEL,fixed,1500,3.6,1.8,1,1.5240000486373901,Jabil,18.83621531432379,2,ar0233,nrg,PCCAMJA000409,BROKEN,['NONE'],HEALTHY,SMALL,SOYBEANS,LOW,turner south beans,stutts bros farm,TwoToFourInches,0.0,AUTONOMOUS,0.0,dee56f6a-6ba1-4b89-b70b-73f4c6681a06,stutts bros,ISP,07090100,32.86313247680664,-91.78748321533203,scogFront,hilario,shasta,20,DCM-DOLPHIN,INCHES_TWIN_30,LIGHT,CONVENTIONAL,nrg,LOW,"['OTHER', 'OTHER_GRASS']",,2020-05-13 00:00:00.000
5ebc240902a88ef0c54c730c,5ebc240902a88ef0c54c730c,False,2020-05-13 16:04:03.750,"{'type': 'Point', 'coordinates': [-91.78748321533203, 32.86314010620117]}","[{'_id': ObjectId('5ec1c592f06ce035f7de5974'), '_cls': 'PixelAnnotation', 'is_deleted': False, 'created_at': datetime.datetime(2020, 5, 17, 23, 15, 30, 727000), 'updated_at': datetime.datetime(2020, 5, 17, 23, 15, 30, 727000), 'next_version': ObjectId('5ec39a59ea1db5f149bedca4'), 'review_request': 0, 'review_reasons': [], 'label_policy': ObjectId('5eb48622e154067231d81219'), 'is_active_version': False, 'kind': 'labelbox', 'nothing_to_annotate': False, 'state': 'review', 'label_map': {'1': 'crop', '2': 'weed'}, 'annotation_job_id': ObjectId('5ec1c592f06ce035f7de596b'), 'vendor_metadata': {'labelbox': {'event_type': 'LABEL_CREATED', 'label_updated_at': '2020-05-19T06:33:34.000Z', 'vendor_source_id': 'ckadjk2bkootn0700jicslbfl', 'vendor_project_id': 'ck9f1j5bkoy8h0a1086g58d2x', 'datarow_id': 'ckabogxfc45jz0hjs9j3544m3', 'skipped': False, 'label_mask_hash': 'ba7a1740ee61133f426f394ba17cee5f', 'seconds_to_label': 2215.821, 'label_created_by': 'afreen3@imerit.net'}}, 'style': 'pixelwise', 's3_key': 'prod/pixelwise/5ec1c592f06ce035f7de5974.png', 's3_bucket': 'tartarus.annotations'}, {'_id': ObjectId('5ec39a59ea1db5f149bedca4'), '_cls': 'PixelAnnotation', 'is_deleted': False, 'created_at': datetime.datetime(2020, 5, 19, 8, 35, 37, 337000), 'updated_at': datetime.datetime(2020, 5, 17, 23, 15, 30, 727000), 'prev_version': ObjectId('5ec1c592f06ce035f7de5974'), 'review_request': 0, 'review_reasons': [], 'label_policy': ObjectId('5eb48622e154067231d81219'), 'is_active_version': True, 'kind': 'labelbox', 'nothing_to_annotate': False, 'state': 'ok', 'label_map': {'1': 'crop', '2': 'weed'}, 'annotation_job_id': ObjectId('5ec1c592f06ce035f7de596b'), 'vendor_metadata': {'labelbox': {'event_type': 'MANUAL_FETCH', 'label_updated_at': '2020-05-19T08:36:25.000Z', 'vendor_source_id': 'ckadjk2bkootn0700jicslbfl', 'vendor_project_id': 'ck9f1j5bkoy8h0a1086g58d2x', 'datarow_id': 'ckabogxfc45jz0hjs9j3544m3', 'skipped': False, 'label_mask_hash': 'f820eeeef827670cc5462363e8eafb6f', 'seconds_to_label': 2389.835, 'label_created_by': 'afreen3@imerit.net', 'review_updated_at': '2020-05-19T08:36:03.000Z', 'review_created_by': 'prabin.maharjan01@es.cloudfactory.com', 'vendor_dataset_id': 'ck9f1j9chomkc0976dm6bqifu', 'vendor_external_id': '5ebc240902a88ef0c54c730c,5ebc240902a88ef0c54c730b,5ec1c592f06ce035f7de5974'}}, 'style': 'pixelwise', 's3_key': 'prod/pixelwise/5ec39a59ea1db5f149bedca4.png', 's3_bucket': 'tartarus.annotations'}]","[{'_id': ObjectId('5ebc240902a88ef0c54c730b'), 'kind': 'nrg', 'content_hash': '7f8d0fe998b6eb56912e90c4841855b6', 's3_bucket': 'tartarus.images', 's3_key': 'prod/2020/05/13/16/0259c6996ea24f4db1092b678276f9b6_nrg.png', 'web_s3_bucket': 'tartarus.images', 'web_s3_key': 'prod/2020/05/13/16/0259c6996ea24f4db1092b678276f9b6_nrg.png', 'height': 1080, 'width': 1920}]",True,4710c5e0-4e4a-494d-9d38-d56da6c11205,7f8d0fe998b6eb56912e90c4841855b6,PARALLEL,fixed,1500,3.6,1.8,1,1.5240000486373901,Jabil,18.83621531432379,2,ar0233,nrg,PCCAMJA000409,BROKEN,['NONE'],HEALTHY,SMALL,SOYBEANS,LOW,turner south beans,stutts bros farm,TwoToFourInches,0.0,AUTONOMOUS,0.0,a712ccdf-788d-4e39-925e-8279b7a01ce5,stutts bros,ISP,07090100,32.86314010620117,-91.78748321533203,scogFront,hilario,shasta,20,DCM-DOLPHIN,INCHES_TWIN_30,LIGHT,CONVENTIONAL,nrg,LOW,"['OTHER', 'OTHER_GRASS']",,2020-05-13 00:00:00.000
5ebc240802a88ef0c54c7302,5ebc240802a88ef0c54c7302,False,2020-05-13 16:04:02.750,"{'type': 'Point', 'coordinates': [-91.78748321533203, 32.8631477355957]}","[{'_id': ObjectId('5ec1c592f06ce035f7de5973'), '_cls': 'PixelAnnotation', 'is_deleted': False, 'created_at': datetime.datetime(2020, 5, 17, 23, 15, 30, 727000), 'updated_at': datetime.datetime(2020, 5, 30, 1, 7, 51, 610000), 'next_version': ObjectId('5ed1b1e7f44bcf79a2f8332b'), 'review_request': 0, 'review_reasons': [], 'label_policy': ObjectId('5eb48622e154067231d81219'), 'is_active_version': False, 'kind': 'labelbox', 'nothing_to_annotate': False, 'state': 'review', 'label_map': {'1': 'crop', '2': 'weed'}, 'annotation_job_id': ObjectId('5ec1c592f06ce035f7de596b'), 'vendor_metadata': {'labelbox': {'event_type': 'LABEL_CREATED', 'label_updated_at': '2020-05-20T08:23:35.000Z', 'vendor_source_id': 'ckaf2x5gs66ef07125eh766y7', 'vendor_project_id': 'ck9f1j5bkoy8h0a1086g58d2x', 'datarow_id': 'ckabogxfc45jv0hjs35fe61c9', 'skipped': False, 'label_mask_hash': 'fa6fb87906cf7e1a9be550cd8f55fcc2', 'seconds_to_label': 2054.817, 'label_created_by': 'gulnaz.khatoon@imerit.net'}}, 'style': 'pixelwise', 's3_key': 'prod/pixelwise/5ec1c592f06ce035f7de5973.png', 's3_bucket': 'tartarus.annotations'}, {'_id': ObjectId('5ed1b1e7f44bcf79a2f8332b'), '_cls': 'PixelAnnotation', 'is_deleted': False, 'created_at': datetime.datetime(2020, 5, 30, 1, 7, 51, 610000), 'updated_at': datetime.datetime(2020, 5, 30, 1, 7, 51, 610000), 'prev_version': ObjectId('5ec1c592f06ce035f7de5973'), 'review_request': 0, 'review_reasons': [], 'label_policy': ObjectId('5eb48622e154067231d81219'), 'is_active_version': True, 'kind': 'labelbox', 'nothing_to_annotate': False, 'state': 'ok', 'label_map': {'1': 'crop', '2': 'weed'}, 'annotation_job_id': ObjectId('5ec1c592f06ce035f7de596b'), 'vendor_metadata': {'labelbox': {'event_type': 'REVIEW_CREATED', 'label_updated_at': '2020-05-31T21:50:23.000Z', 'vendor_source_id': 'ckaf2x5gs66ef07125eh766y7', 'vendor_project_id': 'ck9f1j5bkoy8h0a1086g58d2x', 'datarow_id': 'ckabogxfc45jv0hjs35fe61c9', 'skipped': False, 'label_mask_hash': '32c62d0f044eef08dbd3eeea12f53036', 'seconds_to_label': 2371.458, 'label_created_by': 'gulnaz.khatoon@imerit.net', 'vendor_dataset_id': 'ck9f1j9chomkc0976dm6bqifu', 'vendor_external_id': '5ebc240802a88ef0c54c7302,5ebc240802a88ef0c54c7301,5ec1c592f06ce035f7de5973', 'review_updated_at': '2020-05-31T21:50:23.000Z', 'review_created_by': 'megan.patzoldt@bluerivert.com'}}, 'style': 'pixelwise', 's3_key': 'prod/pixelwise/5ed1b1e7f44bcf79a2f8332b.png', 's3_bucket': 'tartarus.annotations'}]","[{'_id': ObjectId('5ebc240802a88ef0c54c7301'), 'kind': 'nrg', 'content_hash': 'dad5fb459a4229a024518dde98b47814', 's3_bucket': 'tartarus.images', 's3_key': 'prod/2020/05/13/16/fa16fc5e79184f2bba52f3836594b6a7_nrg.png', 'web_s3_bucket': 'tartarus.images', 'web_s3_key': 'prod/2020/05/13/16/fa16fc5e79184f2bba52f3836594b6a7_nrg.png', 'height': 1080, 'width': 1920}]",True,5db5f46d-dc9b-45e0-bb75-5545acd3386a,dad5fb459a4229a024518dde98b47814,PARALLEL,fixed,1500,3.6,1.8,1,1.5240000486373901,Jabil,18.83621531432379,2,ar0233,nrg,PCCAMJA000409,BROKEN,['NONE'],HEALTHY,SMALL,SOYBEANS,LOW,turner south beans,stutts bros farm,TwoToFourInches,0.0,AUTONOMOUS,0.0,402787e3-bbad-4389-8c34-bfe384e25196,stutts bros,ISP,07090100,32.8631477355957,-91.78748321533203,scogFront,hilario,shasta,20,DCM-DOLPHIN,INCHES_TWIN_30,LIGHT,CONVENTIONAL,nrg,LOW,"['OTHER', 'OTHER_GRASS']",,2020-05-13 00:00:00.000
5ebc240802a88ef0c54c72f8,5ebc240802a88ef0c54c72f8,False,2020-05-13 16:04:01.750,"{'type': 'Point', 'coordinates': [-91.78749084472656, 32.86315155029297]}","[{'_id': ObjectId('5ec1c592f06ce035f7de5972'), '_cls': 'PixelAnnotation', 'is_deleted': False, 'created_at': datetime.datetime(2020, 5, 17, 23, 15, 30, 727000), 'updated_at': datetime.datetime(2020, 5, 17, 23, 15, 30, 727000), 'next_version': ObjectId('5ec5e7733347914aac516e04'), 'review_request': 0, 'review_reasons': [], 'label_policy': ObjectId('5eb48622e154067231d81219'), 'is_active_version': False, 'kind': 'labelbox', 'nothing_to_annotate': False, 'state': 'relabel', 'label_map': {'1': 'crop', '2': 'weed'}, 'annotation_job_id': ObjectId('5ec1c592f06ce035f7de596b'), 'vendor_metadata': {'labelbox': {'event_type': 'REVIEW_CREATED', 'label_updated_at': '2020-05-20T08:34:40.000Z', 'vendor_source_id': 'ckaetjgvf22yj0b12f175ty5h', 'vendor_project_id': 'ck9f1j5bkoy8h0a1086g58d2x', 'datarow_id': 'ckabogxfc45jr0hjs2rbw4ezu', 'skipped': False, 'label_mask_hash': 'f5bf0c01301cdb3882c72062ad899714', 'review_updated_at': '2020-05-20T08:34:22.000Z', 'review_created_by': 'sujit.maharjan@es.cloudfactory.com', 'seconds_to_label': 1571.738, 'label_created_by': 'gulnaz.khatoon@imerit.net'}}, 'style': 'pixelwise', 's3_key': 'prod/pixelwise/5ec1c592f06ce035f7de5972.png', 's3_bucket': 'tartarus.annotations'}, {'_id': ObjectId('5ec5e7733347914aac516e04'), '_cls': 'PixelAnnotation', 'is_deleted': False, 'created_at': datetime.datetime(2020, 5, 21, 2, 29, 7, 267000), 'updated_at': datetime.datetime(2020, 5, 17, 23, 15, 30, 727000), 'prev_version': ObjectId('5ec1c592f06ce035f7de5972'), 'review_request': 0, 'review_reasons': [], 'label_policy': ObjectId('5eb48622e154067231d81219'), 'is_active_version': True, 'kind': 'labelbox', 'nothing_to_annotate': False, 'state': 'ok', 'label_map': {'1': 'crop', '2': 'weed'}, 'annotation_job_id': ObjectId('5ec1c592f06ce035f7de596b'), 'vendor_metadata': {'labelbox': {'event_type': 'MANUAL_FETCH', 'label_updated_at': '2020-05-21T04:49:37.000Z', 'vendor_source_id': 'ckaetjgvf22yj0b12f175ty5h', 'vendor_project_id': 'ck9f1j5bkoy8h0a1086g58d2x', 'datarow_id': 'ckabogxfc45jr0hjs2rbw4ezu', 'skipped': False, 'label_mask_hash': '0bf4cef3f3e90ef08accc57d5db2ac49', 'review_updated_at': '2020-05-21T04:49:08.000Z', 'review_created_by': 'sujit.maharjan@es.cloudfactory.com', 'seconds_to_label': 1707.837, 'label_created_by': 'gulnaz.khatoon@imerit.net', 'vendor_dataset_id': 'ck9f1j9chomkc0976dm6bqifu', 'vendor_external_id': '5ebc240802a88ef0c54c72f8,5ebc240802a88ef0c54c72f7,5ec1c592f06ce035f7de5972'}}, 'style': 'pixelwise', 's3_key': 'prod/pixelwise/5ec5e7733347914aac516e04.png', 's3_bucket': 'tartarus.annotations'}]","[{'_id': ObjectId('5ebc240802a88ef0c54c72f7'), 'kind': 'nrg', 'content_hash': 'db17ebf6c63b36844bba3070053e6894', 's3_bucket': 'tartarus.images', 's3_key': 'prod/2020/05/13/16/79da7de4039444c09c335cb8e6050a3a_nrg.png', 'web_s3_bucket': 'tartarus.images', 'web_s3_key': 'prod/2020/05/13/16/79da7de4039444c09c335cb8e6050a3a_nrg.png', 'height': 1080, 'width': 1920}]",True,fb41914a-f0ef-4119-9d50-4f755162fbc1,db17ebf6c63b36844bba3070053e6894,PARALLEL,fixed,1500,3.6,1.8,1,1.5240000486373901,Jabil,18.83621531432379,2,ar0233,nrg,PCCAMJA000409,BROKEN,['NONE'],HEALTHY,SMALL,SOYBEANS,LOW,turner south beans,stutts bros farm,TwoToFourInches,0.0,AUTONOMOUS,0.0,f7c4e30e-26c5-4956-b915-faa42e8da5f2,stutts bros,ISP,07090100,32.86315155029297,-91.78749084472656,scogFront,hilario,shasta,20,DCM-DOLPHIN,INCHES_TWIN_30,LIGHT,CONVENTIONAL,nrg,LOW,"['OTHER', 'OTHER_GRASS']",,2020-05-13 00:00:00.000
5ebc240802a88ef0c54c72ee,5ebc240802a88ef0c54c72ee,False,2020-05-13 16:04:00.750,"{'type': 'Point', 'coordinates': [-91.78749084472656, 32.8631591796875]}","[{'_id': ObjectId('5ec1c592f06ce035f7de5971'), '_cls': 'PixelAnnotation', 'is_deleted': False, 'created_at': datetime.datetime(2020, 5, 17, 23, 15, 30, 727000), 'updated_at': datetime.datetime(2020, 5, 17, 23, 15, 30, 727000), 'next_version': ObjectId('5ec3a3af88a698ac8e8039c8'), 'review_request': 0, 'review_reasons': [], 'label_policy': ObjectId('5eb48622e154067231d81219'), 'is_active_version': False, 'kind': 'labelbox', 'nothing_to_annotate': False, 'state': 'review', 'label_map': {'1': 'crop', '2': 'weed'}, 'annotation_job_id': ObjectId('5ec1c592f06ce035f7de596b'), 'vendor_metadata': {'labelbox': {'event_type': 'LABEL_CREATED', 'label_updated_at': '2020-05-19T08:48:24.000Z', 'vendor_source_id': 'ckadodfvmfvq40b12yq775o9e', 'vendor_project_id': 'ck9f1j5bkoy8h0a1086g58d2x', 'datarow_id': 'ckabogxfc45jn0hjs6jn0ab43', 'skipped': False, 'label_mask_hash': '294c75d812dd2798d27e9cb3e5e2f933', 'seconds_to_label': 1273.141, 'label_created_by': 'sudip.halder@imerit.net'}}, 'style': 'pixelwise', 's3_key': 'prod/pixelwise/5ec1c592f06ce035f7de5971.png', 's3_bucket': 'tartarus.annotations'}, {'_id': ObjectId('5ec3a3af88a698ac8e8039c8'), '_cls': 'PixelAnnotation', 'is_deleted': False, 'created_at': datetime.datetime(2020, 5, 19, 9, 15, 27, 732000), 'updated_at': datetime.datetime(2020, 5, 17, 23, 15, 30, 727000), 'prev_version': ObjectId('5ec1c592f06ce035f7de5971'), 'review_request': 0, 'review_reasons': [], 'label_policy': ObjectId('5eb48622e154067231d81219'), 'is_active_version': True, 'kind': 'labelbox', 'nothing_to_annotate': False, 'state': 'ok', 'label_map': {'1': 'crop', '2': 'weed'}, 'annotation_job_id': ObjectId('5ec1c592f06ce035f7de596b'), 'vendor_metadata': {'labelbox': {'event_type': 'MANUAL_FETCH', 'label_updated_at': '2020-05-19T09:15:51.000Z', 'vendor_source_id': 'ckadodfvmfvq40b12yq775o9e', 'vendor_project_id': 'ck9f1j5bkoy8h0a1086g58d2x', 'datarow_id': 'ckabogxfc45jn0hjs6jn0ab43', 'skipped': False, 'label_mask_hash': 'e1a02907d50a9632a9fdfb1c5dd84c74', 'seconds_to_label': 1381.924, 'label_created_by': 'sudip.halder@imerit.net', 'review_updated_at': '2020-05-19T09:15:24.000Z', 'review_created_by': 'manil.shrestha@es.cloudfactory.com', 'vendor_dataset_id': 'ck9f1j9chomkc0976dm6bqifu', 'vendor_external_id': '5ebc240802a88ef0c54c72ee,5ebc240802a88ef0c54c72ed,5ec1c592f06ce035f7de5971'}}, 'style': 'pixelwise', 's3_key': 'prod/pixelwise/5ec3a3af88a698ac8e8039c8.png', 's3_bucket': 'tartarus.annotations'}]","[{'_id': ObjectId('5ebc240802a88ef0c54c72ed'), 'kind': 'nrg', 'content_hash': '5b11541701479151ac2a82ae71675efa', 's3_bucket': 'tartarus.images', 's3_key': 'prod/2020/05/13/16/618fea5b4b2c4493b0b3a3d4f412604c_nrg.png', 'web_s3_bucket': 'tartarus.images', 'web_s3_key': 'prod/2020/05/13/16/618fea5b4b2c4493b0b3a3d4f412604c_nrg.png', 'height': 1080, 'width': 1920}]",True,e7b50b3f-7b05-4137-abe4-307564eb51ae,5b11541701479151ac2a82ae71675efa,PARALLEL,fixed,1500,3.6,1.8,1,1.5240000486373901,Jabil,18.83621531432379,2,ar0233,nrg,PCCAMJA000409,BROKEN,['NONE'],HEALTHY,SMALL,SOYBEANS,LOW,turner south beans,stutts bros farm,TwoToFourInches,0.0,AUTONOMOUS,0.0,bccc0721-7446-4f07-8cf3-5ee8ac074b1b,stutts bros,ISP,07090100,32.8631591796875,-91.78749084472656,scogFront,hilario,shasta,20,DCM-DOLPHIN,INCHES_TWIN_30,LIGHT,CONVENTIONAL,nrg,LOW,"['OTHER', 'OTHER_GRASS']",,2020-05-13 00:00:00.000
5ebc240802a88ef0c54c72e4,5ebc240802a88ef0c54c72e4,False,2020-05-13 16:03:59.750,"{'type': 'Point', 'coordinates': [-91.78748321533203, 32.86316680908203]}","[{'_id': ObjectId('5ec1c592f06ce035f7de5970'), '_cls': 'PixelAnnotation', 'is_deleted': False, 'created_at': datetime.datetime(2020, 5, 17, 23, 15, 30, 726000), 'updated_at': datetime.datetime(2020, 5, 17, 23, 15, 30, 726000), 'next_version': ObjectId('5ec37c95f907fbabc38c7a7e'), 'review_request': 0, 'review_reasons': [], 'label_policy': ObjectId('5eb48622e154067231d81219'), 'is_active_version': False, 'kind': 'labelbox', 'nothing_to_annotate': False, 'state': 'review', 'label_map': {'1': 'crop', '2': 'weed'}, 'annotation_job_id': ObjectId('5ec1c592f06ce035f7de596b'), 'vendor_metadata': {'labelbox': {'event_type': 'LABEL_CREATED', 'label_updated_at': '2020-05-19T06:21:01.000Z', 'vendor_source_id': 'ckadj3x4nbstv0918ahv7rcpm', 'vendor_project_id': 'ck9f1j5bkoy8h0a1086g58d2x', 'datarow_id': 'ckabogxfc45jj0hjs3tggeih6', 'skipped': False, 'label_mask_hash': '93ff931b7012bca5fda04f735502e875', 'seconds_to_label': 1072.411, 'label_created_by': 'swati.na@imerit.net'}}, 'style': 'pixelwise', 's3_key': 'prod/pixelwise/5ec1c592f06ce035f7de5970.png', 's3_bucket': 'tartarus.annotations'}, {'_id': ObjectId('5ec37c95f907fbabc38c7a7e'), '_cls': 'PixelAnnotation', 'is_deleted': False, 'created_at': datetime.datetime(2020, 5, 19, 6, 28, 37, 303000), 'updated_at': datetime.datetime(2020, 5, 17, 23, 15, 30, 726000), 'prev_version': ObjectId('5ec1c592f06ce035f7de5970'), 'review_request': 0, 'review_reasons': [], 'label_policy': ObjectId('5eb48622e154067231d81219'), 'is_active_version': True, 'kind': 'labelbox', 'nothing_to_annotate': False, 'state': 'ok', 'label_map': {'1': 'crop', '2': 'weed'}, 'annotation_job_id': ObjectId('5ec1c592f06ce035f7de596b'), 'vendor_metadata': {'labelbox': {'event_type': 'MANUAL_FETCH', 'label_updated_at': '2020-05-29T02:43:33.000Z', 'vendor_source_id': 'ckadj3x4nbstv0918ahv7rcpm', 'vendor_project_id': 'ck9f1j5bkoy8h0a1086g58d2x', 'datarow_id': 'ckabogxfc45jj0hjs3tggeih6', 'skipped': False, 'label_mask_hash': '14c6d225b01af75b0c56134074147f4f', 'seconds_to_label': 1459.839, 'label_created_by': 'swati.na@imerit.net', 'review_updated_at': '2020-05-19T06:28:35.000Z', 'review_created_by': 'manil.shrestha@es.cloudfactory.com', 'vendor_dataset_id': 'ck9f1j9chomkc0976dm6bqifu', 'vendor_external_id': '5ebc240802a88ef0c54c72e4,5ebc240802a88ef0c54c72e3,5ec1c592f06ce035f7de5970'}}, 'style': 'pixelwise', 's3_key': 'prod/pixelwise/5ec37c95f907fbabc38c7a7e.png', 's3_bucket': 'tartarus.annotations'}]","[{'_id': ObjectId('5ebc240802a88ef0c54c72e3'), 'kind': 'nrg', 'content_hash': '28ef0786e32c61a1db7add325780877a', 's3_bucket': 'tartarus.images', 's3_key': 'prod/2020/05/13/16/71e5798c400146ef96dae75ef6329d1b_nrg.png', 'web_s3_bucket': 'tartarus.images', 'web_s3_key': 'prod/2020/05/13/16/71e5798c400146ef96dae75ef6329d1b_nrg.png', 'height': 1080, 'width': 1920}]",True,b14a8c9d-a336-4d64-8d91-2b70c25420e4,28ef0786e32c61a1db7add325780877a,PARALLEL,fixed,1500,3.6,1.8,1,1.5240000486373901,Jabil,18.83621531432379,2,ar0233,nrg,PCCAMJA000409,BROKEN,['NONE'],HEALTHY,SMALL,SOYBEANS,LOW,turner south beans,stutts bros farm,TwoToFourInches,0.0,AUTONOMOUS,0.0,5555abe8-3910-49a7-a2c6-4b2e153f8dfe,stutts bros,ISP,07090100,32.86316680908203,-91.78748321533203,scogFront,hilario,shasta,20,DCM-DOLPHIN,INCHES_TWIN_30,LIGHT,CONVENTIONAL,nrg,LOW,"['OTHER', 'OTHER_GRASS']",,2020-05-13 00:00:00.000
5ebc240802a88ef0c54c72da,5ebc240802a88ef0c54c72da,False,2020-05-13 16:03:58.750,"{'type': 'Point', 'coordinates': [-91.78748321533203, 32.86317443847656]}","[{'_id': ObjectId('5ec1c592f06ce035f7de596f'), '_cls': 'PixelAnnotation', 'is_deleted': False, 'created_at': datetime.datetime(2020, 5, 17, 23, 15, 30, 726000), 'updated_at': datetime.datetime(2020, 5, 17, 23, 15, 30, 726000), 'next_version': ObjectId('5ec3b1aa88a698ac8e803b27'), 'review_request': 0, 'review_reasons': [], 'label_policy': ObjectId('5eb48622e154067231d81219'), 'is_active_version': False, 'kind': 'labelbox', 'nothing_to_annotate': False, 'state': 'relabel', 'label_map': {'1': 'crop', '2': 'weed'}, 'annotation_job_id': ObjectId('5ec1c592f06ce035f7de596b'), 'vendor_metadata': {'labelbox': {'event_type': 'REVIEW_CREATED', 'label_updated_at': '2020-05-19T08:56:47.000Z', 'vendor_source_id': 'ckadk5i449i7p0712xmne8c03', 'vendor_project_id': 'ck9f1j5bkoy8h0a1086g58d2x', 'datarow_id': 'ckabogxfb45jf0hjsdobd3199', 'skipped': False, 'label_mask_hash': '06f001918a6dd25a1a81775f276a33ee', 'seconds_to_label': 2006.406, 'label_created_by': 'chirantan.baidya@imerit.net', 'review_updated_at': '2020-05-19T08:56:52.000Z', 'review_created_by': 'rashmi.shrestha03@es.cloudfactory.com'}}, 'style': 'pixelwise', 's3_key': 'prod/pixelwise/5ec1c592f06ce035f7de596f.png', 's3_bucket': 'tartarus.annotations'}, {'_id': ObjectId('5ec3b1aa88a698ac8e803b27'), '_cls': 'PixelAnnotation', 'is_deleted': False, 'created_at': datetime.datetime(2020, 5, 19, 10, 15, 6, 6000), 'updated_at': datetime.datetime(2020, 5, 17, 23, 15, 30, 726000), 'prev_version': ObjectId('5ec1c592f06ce035f7de596f'), 'next_version': ObjectId('5ec48f3ace7cf4e480e0ee3b'), 'review_request': 0, 'review_reasons': [], 'label_policy': ObjectId('5eb48622e154067231d81219'), 'is_active_version': False, 'kind': 'labelbox', 'nothing_to_annotate': False, 'state': 'review', 'label_map': {'1': 'crop', '2': 'weed'}, 'annotation_job_id': ObjectId('5ec1c592f06ce035f7de596b'), 'vendor_metadata': {'labelbox': {'event_type': 'REVIEW_UPDATED', 'label_updated_at': '2020-05-19T10:15:10.000Z', 'vendor_source_id': 'ckadk5i449i7p0712xmne8c03', 'vendor_project_id': 'ck9f1j5bkoy8h0a1086g58d2x', 'datarow_id': 'ckabogxfb45jf0hjsdobd3199', 'skipped': False, 'label_mask_hash': '4718e207bf515a2ab75b7808dd9948eb', 'seconds_to_label': 2138.951, 'label_created_by': 'chirantan.baidya@imerit.net', 'review_updated_at': '2020-05-19T08:56:52.000Z', 'review_created_by': 'chirantan.baidya@imerit.net'}}, 'style': 'pixelwise', 's3_key': 'prod/pixelwise/5ec3b1aa88a698ac8e803b27.png', 's3_bucket': 'tartarus.annotations'}, {'_id': ObjectId('5ec48f3ace7cf4e480e0ee3b'), '_cls': 'PixelAnnotation', 'is_deleted': False, 'created_at': datetime.datetime(2020, 5, 20, 2, 0, 26, 700000), 'updated_at': datetime.datetime(2020, 5, 17, 23, 15, 30, 726000), 'prev_version': ObjectId('5ec3b1aa88a698ac8e803b27'), 'review_request': 0, 'review_reasons': [], 'label_policy': ObjectId('5eb48622e154067231d81219'), 'is_active_version': True, 'kind': 'labelbox', 'nothing_to_annotate': False, 'state': 'ok', 'label_map': {'1': 'crop', '2': 'weed'}, 'annotation_job_id': ObjectId('5ec1c592f06ce035f7de596b'), 'vendor_metadata': {'labelbox': {'event_type': 'MANUAL_FETCH', 'label_updated_at': '2020-05-20T02:00:15.000Z', 'vendor_source_id': 'ckadk5i449i7p0712xmne8c03', 'vendor_project_id': 'ck9f1j5bkoy8h0a1086g58d2x', 'datarow_id': 'ckabogxfb45jf0hjsdobd3199', 'skipped': False, 'label_mask_hash': '4fa6205f90382d5c82286f92fc0164c8', 'seconds_to_label': 2393.415, 'label_created_by': 'chirantan.baidya@imerit.net', 'review_updated_at': '2020-05-20T02:00:17.000Z', 'review_created_by': 'rashmi.shrestha03@es.cloudfactory.com', 'vendor_dataset_id': 'ck9f1j9chomkc0976dm6bqifu', 'vendor_external_id': '5ebc240802a88ef0c54c72da,5ebc240802a88ef0c54c72d9,5ec1c592f06ce035f7de596f'}}, 'style': 'pixelwise', 's3_key': 'prod/pixelwise/5ec48f3ace7cf4e480e0ee3b.png', 's3_bucket': 'tartarus.annotations'}]","[{'_id': ObjectId('5ebc240802a88ef0c54c72d9'), 'kind': 'nrg', 'content_hash': '33020ebd24b28544338e75641cffd3fb', 's3_bucket': 'tartarus.images', 's3_key': 'prod/2020/05/13/16/5f863223e04747548098957b2bf2946b_nrg.png', 'web_s3_bucket': 'tartarus.images', 'web_s3_key': 'prod/2020/05/13/16/5f863223e04747548098957b2bf2946b_nrg.png', 'height': 1080, 'width': 1920}]",True,fbd16041-e798-4778-a70c-0aad4cb71185,33020ebd24b28544338e75641cffd3fb,PARALLEL,fixed,1500,3.6,1.8,1,1.5240000486373901,Jabil,18.83621531432379,2,ar0233,nrg,PCCAMJA000409,BROKEN,['NONE'],HEALTHY,SMALL,SOYBEANS,LOW,turner south beans,stutts bros farm,TwoToFourInches,0.0,AUTONOMOUS,0.0,56cc9205-71f0-48cd-9ced-c626869c33db,stutts bros,ISP,07090100,32.86317443847656,-91.78748321533203,scogFront,hilario,shasta,20,DCM-DOLPHIN,INCHES_TWIN_30,LIGHT,CONVENTIONAL,nrg,LOW,"['OTHER', 'OTHER_GRASS']",,2020-05-13 00:00:00.000
5ebc240702a88ef0c54c72d0,5ebc240702a88ef0c54c72d0,False,2020-05-13 16:03:57.750,"{'type': 'Point', 'coordinates': [-91.78748321533203, 32.863182067871094]}","[{'_id': ObjectId('5ec1c592f06ce035f7de596e'), '_cls': 'PixelAnnotation', 'is_deleted': False, 'created_at': datetime.datetime(2020, 5, 17, 23, 15, 30, 726000), 'updated_at': datetime.datetime(2020, 5, 17, 23, 15, 30, 726000), 'review_request': 0, 'review_reasons': [], 'label_policy': ObjectId('5eb48622e154067231d81219'), 'is_active_version': True, 'kind': 'labelbox', 'nothing_to_annotate': False, 'state': 'ok', 'label_map': {'1': 'crop', '2': 'weed'}, 'annotation_job_id': ObjectId('5ec1c592f06ce035f7de596b'), 'vendor_metadata': {'labelbox': {'event_type': 'MANUAL_FETCH', 'label_updated_at': '2020-05-20T15:11:09.000Z', 'vendor_source_id': 'ckaewqufbhjv60700ewd1q95p', 'vendor_project_id': 'ck9f1j5bkoy8h0a1086g58d2x', 'datarow_id': 'ckabogxfb45jb0hjsazhmexcs', 'skipped': False, 'label_mask_hash': 'f069a3f3c83f4bb345655f609ba6a9a6', 'seconds_to_label': 1862.611, 'label_created_by': 'salim.maharjan01@es.cloudfactory.com', 'vendor_dataset_id': 'ck9f1j9chomkc0976dm6bqifu', 'vendor_external_id': '5ebc240702a88ef0c54c72d0,5ebc240702a88ef0c54c72cf,5ec1c592f06ce035f7de596e', 'review_updated_at': '2020-05-20T15:11:08.000Z', 'review_created_by': 'kelly.kirsch@bluerivert.com'}}, 'style': 'pixelwise', 's3_bucket': 'tartarus.annotations', 's3_key': 'prod/pixelwise/5ec1c592f06ce035f7de596e.png'}]","[{'_id': ObjectId('5ebc240702a88ef0c54c72cf'), 'kind': 'nrg', 'content_hash': '906f1e449a249a6b798b004d1eb2f675', 's3_bucket': 'tartarus.images', 's3_key': 'prod/2020/05/13/16/03b5f712568149b98571629c4bd970d6_nrg.png', 'web_s3_bucket': 'tartarus.images', 'web_s3_key': 'prod/2020/05/13/16/03b5f712568149b98571629c4bd970d6_nrg.png', 'height': 1080, 'width': 1920}]",True,33ec3e25-e148-4d90-ae54-9fdb698b917b,906f1e449a249a6b798b004d1eb2f675,PARALLEL,fixed,1500,3.6,1.8,1,1.5240000486373901,Jabil,18.83621531432379,2,ar0233,nrg,PCCAMJA000409,BROKEN,['NONE'],HEALTHY,SMALL,SOYBEANS,LOW,turner south beans,stutts bros farm,TwoToFourInches,0.0,AUTONOMOUS,0.0,11ab557f-5f22-41f2-8637-2241ed1eb00b,stutts bros,ISP,07090100,32.863182067871094,-91.78748321533203,scogFront,hilario,shasta,20,DCM-DOLPHIN,INCHES_TWIN_30,LIGHT,CONVENTIONAL,nrg,LOW,"['OTHER', 'OTHER_GRASS']",,2020-05-13 00:00:00.000
5ebc240c02a88ef0c54c73c0,5ebc240c02a88ef0c54c73c0,False,2020-05-13 16:03:56.750,"{'type': 'Point', 'coordinates': [-91.78748321533203, 32.863189697265625]}","[{'_id': ObjectId('5ec1c592f06ce035f7de5986'), '_cls': 'PixelAnnotation', 'is_deleted': False, 'created_at': datetime.datetime(2020, 5, 17, 23, 15, 30, 732000), 'updated_at': datetime.datetime(2020, 5, 17, 23, 15, 30, 732000), 'review_request': 0, 'review_reasons': [], 'label_policy': ObjectId('5eb48622e154067231d81219'), 'is_active_version': True, 'kind': 'labelbox', 'nothing_to_annotate': False, 'state': 'ok', 'label_map': {'1': 'crop', '2': 'weed'}, 'annotation_job_id': ObjectId('5ec1c592f06ce035f7de596b'), 'vendor_metadata': {'labelbox': {'event_type': 'MANUAL_FETCH', 'label_updated_at': '2020-05-20T03:43:59.000Z', 'vendor_source_id': 'ckaertp9cgosb0728j3ht6s8y', 'vendor_project_id': 'ck9f1j5bkoy8h0a1086g58d2x', 'datarow_id': 'ckabogxfe45lz0hjs2b4jc857', 'skipped': False, 'label_mask_hash': 'c6f9d575f664a48e5490cb79dc391ebc', 'review_updated_at': '2020-05-20T03:43:51.000Z', 'review_created_by': 'ritesh.dyola@es.cloudfactory.com', 'seconds_to_label': 1562.212, 'label_created_by': 'afreen2@imerit.net', 'vendor_dataset_id': 'ck9f1j9chomkc0976dm6bqifu', 'vendor_external_id': '5ebc240c02a88ef0c54c73c0,5ebc240c02a88ef0c54c73bf,5ec1c592f06ce035f7de5986'}}, 'style': 'pixelwise', 's3_bucket': 'tartarus.annotations', 's3_key': 'prod/pixelwise/5ec1c592f06ce035f7de5986.png'}]","[{'_id': ObjectId('5ebc240c02a88ef0c54c73bf'), 'kind': 'nrg', 'content_hash': '24cf3863c0a42d4d3968a75b69f74694', 's3_bucket': 'tartarus.images', 's3_key': 'prod/2020/05/13/16/c09bf5cf5a1a4a1387be833784f60992_nrg.png', 'web_s3_bucket': 'tartarus.images', 'web_s3_key': 'prod/2020/05/13/16/c09bf5cf5a1a4a1387be833784f60992_nrg.png', 'height': 1080, 'width': 1920}]",True,bf830d31-3b90-4fd2-b137-664e82f98b28,24cf3863c0a42d4d3968a75b69f74694,PARALLEL,fixed,1500,3.6,1.8,1,1.5240000486373901,Jabil,18.83621531432379,2,ar0233,nrg,PCCAMJA000409,BROKEN,['NONE'],HEALTHY,SMALL,SOYBEANS,LOW,turner south beans,stutts bros farm,TwoToFourInches,0.0,AUTONOMOUS,0.0,ecf7fd34-68f1-4a9f-9add-ebb922ebc12c,stutts bros,ISP,07090100,32.863189697265625,-91.78748321533203,scogFront,hilario,shasta,20,DCM-DOLPHIN,INCHES_TWIN_30,LIGHT,CONVENTIONAL,nrg,LOW,"['OTHER', 'OTHER_GRASS']",,2020-05-13 00:00:00.000
5ebc240c02a88ef0c54c73b6,5ebc240c02a88ef0c54c73b6,False,2020-05-13 16:03:55.750,"{'type': 'Point', 'coordinates': [-91.7874755859375, 32.863197326660156]}","[{'_id': ObjectId('5ec1c592f06ce035f7de5985'), '_cls': 'PixelAnnotation', 'is_deleted': False, 'created_at': datetime.datetime(2020, 5, 17, 23, 15, 30, 732000), 'updated_at': datetime.datetime(2020, 5, 17, 23, 15, 30, 732000), 'next_version': ObjectId('5ec5f43c3347914aac516f9f'), 'review_request': 0, 'review_reasons': [], 'label_policy': ObjectId('5eb48622e154067231d81219'), 'is_active_version': False, 'kind': 'labelbox', 'nothing_to_annotate': False, 'state': 'review', 'label_map': {'1': 'crop', '2': 'weed'}, 'annotation_job_id': ObjectId('5ec1c592f06ce035f7de596b'), 'vendor_metadata': {'labelbox': {'event_type': 'LABEL_CREATED', 'label_updated_at': '2020-05-19T09:56:28.000Z', 'vendor_source_id': 'ckadqszmajck90854vs2uj6a5', 'vendor_project_id': 'ck9f1j5bkoy8h0a1086g58d2x', 'datarow_id': 'ckabogxfe45lv0hjsg4rh9pqr', 'skipped': False, 'label_mask_hash': 'aa1cc401c9fada47a5d81d16babbd4cf', 'seconds_to_label': 10.857, 'label_created_by': 'anupam.sardar@imerit.net'}}, 'style': 'pixelwise', 's3_key': 'prod/pixelwise/5ec1c592f06ce035f7de5985.png', 's3_bucket': 'tartarus.annotations'}, {'_id': ObjectId('5ec5f43c3347914aac516f9f'), '_cls': 'PixelAnnotation', 'is_deleted': False, 'created_at': datetime.datetime(2020, 5, 21, 3, 23, 40, 931000), 'updated_at': datetime.datetime(2020, 5, 17, 23, 15, 30, 732000), 'prev_version': ObjectId('5ec1c592f06ce035f7de5985'), 'review_request': 0, 'review_reasons': [], 'label_policy': ObjectId('5eb48622e154067231d81219'), 'is_active_version': True, 'kind': 'labelbox', 'nothing_to_annotate': False, 'state': 'ok', 'label_map': {'1': 'crop', '2': 'weed'}, 'annotation_job_id': ObjectId('5ec1c592f06ce035f7de596b'), 'vendor_metadata': {'labelbox': {'event_type': 'MANUAL_FETCH', 'label_updated_at': '2020-05-21T03:30:37.000Z', 'vendor_source_id': 'ckag7na511qz107144j4yjbx5', 'vendor_project_id': 'ck9f1j5bkoy8h0a1086g58d2x', 'datarow_id': 'ckabogxfe45lv0hjsg4rh9pqr', 'skipped': False, 'label_mask_hash': 'a7362dfa21496b8e7b31c02644f29401', 'seconds_to_label': 2008.176, 'label_created_by': 'khushnood.iqbal@imerit.net', 'review_updated_at': '2020-05-21T03:30:27.000Z', 'review_created_by': 'prabin.maharjan01@es.cloudfactory.com', 'vendor_dataset_id': 'ck9f1j9chomkc0976dm6bqifu', 'vendor_external_id': '5ebc240c02a88ef0c54c73b6,5ebc240c02a88ef0c54c73b5,5ec1c592f06ce035f7de5985'}}, 'style': 'pixelwise', 's3_key': 'prod/pixelwise/5ec5f43c3347914aac516f9f.png', 's3_bucket': 'tartarus.annotations'}]","[{'_id': ObjectId('5ebc240c02a88ef0c54c73b5'), 'kind': 'nrg', 'content_hash': '9b814f39380f29b442acd1c710e748ca', 's3_bucket': 'tartarus.images', 's3_key': 'prod/2020/05/13/16/4adec9c172914ee7813e88ab816609b5_nrg.png', 'web_s3_bucket': 'tartarus.images', 'web_s3_key': 'prod/2020/05/13/16/4adec9c172914ee7813e88ab816609b5_nrg.png', 'height': 1080, 'width': 1920}]",True,ff36cdef-0551-4250-9acf-0bbcd8a121bb,9b814f39380f29b442acd1c710e748ca,PARALLEL,fixed,1500,3.6,1.8,1,1.5240000486373901,Jabil,18.83621531432379,2,ar0233,nrg,PCCAMJA000409,BROKEN,['NONE'],HEALTHY,SMALL,SOYBEANS,LOW,turner south beans,stutts bros farm,TwoToFourInches,0.0,AUTONOMOUS,0.0,c0b0ad69-ae76-4e0b-8000-a6f5092ae670,stutts bros,ISP,07090100,32.863197326660156,-91.7874755859375,scogFront,hilario,shasta,20,DCM-DOLPHIN,INCHES_TWIN_30,LIGHT,CONVENTIONAL,nrg,LOW,"['OTHER', 'OTHER_GRASS']",,2020-05-13 00:00:00.000
5ebc240c02a88ef0c54c73ac,5ebc240c02a88ef0c54c73ac,False,2020-05-13 16:03:54.750,"{'type': 'Point', 'coordinates': [-91.78748321533203, 32.86320877075195]}","[{'_id': ObjectId('5ec1c592f06ce035f7de5984'), '_cls': 'PixelAnnotation', 'is_deleted': False, 'created_at': datetime.datetime(2020, 5, 17, 23, 15, 30, 731000), 'updated_at': datetime.datetime(2020, 5, 17, 23, 15, 30, 731000), 'review_request': 0, 'review_reasons': [], 'label_policy': ObjectId('5eb48622e154067231d81219'), 'is_active_version': True, 'kind': 'labelbox', 'nothing_to_annotate': False, 'state': 'ok', 'label_map': {'1': 'crop', '2': 'weed'}, 'annotation_job_id': ObjectId('5ec1c592f06ce035f7de596b'), 'vendor_metadata': {'labelbox': {'event_type': 'MANUAL_FETCH', 'label_updated_at': '2020-05-19T08:30:28.000Z', 'vendor_source_id': 'ckadidbxqawk30b127bd97lt2', 'vendor_project_id': 'ck9f1j5bkoy8h0a1086g58d2x', 'datarow_id': 'ckabogxfe45lr0hjs514lemib', 'skipped': False, 'label_mask_hash': '7f8cb8cb9ca30a5b51f4a066ba64b108', 'seconds_to_label': 2183.181, 'label_created_by': 'kainat.perveen@imerit.net', 'review_updated_at': '2020-05-19T08:30:22.000Z', 'review_created_by': 'rinesh.maharjan@es.cloudfactory.com', 'vendor_dataset_id': 'ck9f1j9chomkc0976dm6bqifu', 'vendor_external_id': '5ebc240c02a88ef0c54c73ac,5ebc240c02a88ef0c54c73ab,5ec1c592f06ce035f7de5984'}}, 'style': 'pixelwise', 's3_bucket': 'tartarus.annotations', 's3_key': 'prod/pixelwise/5ec1c592f06ce035f7de5984.png'}]","[{'_id': ObjectId('5ebc240c02a88ef0c54c73ab'), 'kind': 'nrg', 'content_hash': '8c3768ec0513c6ff6f1fd9ead250be6e', 's3_bucket': 'tartarus.images', 's3_key': 'prod/2020/05/13/16/7029e82c81974b6398007d31ae45ee32_nrg.png', 'web_s3_bucket': 'tartarus.images', 'web_s3_key': 'prod/2020/05/13/16/7029e82c81974b6398007d31ae45ee32_nrg.png', 'height': 1080, 'width': 1920}]",True,c28551ac-f6fb-4b55-8fe3-796ae4dddf59,8c3768ec0513c6ff6f1fd9ead250be6e,PARALLEL,fixed,1500,3.6,1.8,1,1.5240000486373901,Jabil,18.83621531432379,2,ar0233,nrg,PCCAMJA000409,BROKEN,['NONE'],HEALTHY,SMALL,SOYBEANS,LOW,turner south beans,stutts bros farm,TwoToFourInches,0.0,AUTONOMOUS,0.0,f952a76c-6cc8-49aa-b3f1-678ca7a862ca,stutts bros,ISP,07090100,32.86320877075195,-91.78748321533203,scogFront,hilario,shasta,20,DCM-DOLPHIN,INCHES_TWIN_30,LIGHT,CONVENTIONAL,nrg,LOW,"['OTHER', 'OTHER_GRASS']",,2020-05-13 00:00:00.000
5ebc240c02a88ef0c54c73a2,5ebc240c02a88ef0c54c73a2,False,2020-05-13 16:03:53.750,"{'type': 'Point', 'coordinates': [-91.78746032714844, 32.863216400146484]}","[{'_id': ObjectId('5ec1c592f06ce035f7de5983'), '_cls': 'PixelAnnotation', 'is_deleted': False, 'created_at': datetime.datetime(2020, 5, 17, 23, 15, 30, 731000), 'updated_at': datetime.datetime(2020, 5, 17, 23, 15, 30, 731000), 'next_version': ObjectId('5ec4cc63ce7cf4e480e136ef'), 'review_request': 0, 'review_reasons': [], 'label_policy': ObjectId('5eb48622e154067231d81219'), 'is_active_version': False, 'kind': 'labelbox', 'nothing_to_annotate': False, 'state': 'review', 'label_map': {'1': 'crop', '2': 'weed'}, 'annotation_job_id': ObjectId('5ec1c592f06ce035f7de596b'), 'vendor_metadata': {'labelbox': {'event_type': 'LABEL_CREATED', 'label_updated_at': '2020-05-20T05:56:28.000Z', 'vendor_source_id': 'ckaexo6ur2kvq0712fj3tgje5', 'vendor_project_id': 'ck9f1j5bkoy8h0a1086g58d2x', 'datarow_id': 'ckabogxfe45ln0hjse1prdsfy', 'skipped': False, 'label_mask_hash': '106bd6a8f63dff4d95ec1512446e0676', 'seconds_to_label': 1400.328, 'label_created_by': 'santosh.gupta@es.cloudfactory.com'}}, 'style': 'pixelwise', 's3_key': 'prod/pixelwise/5ec1c592f06ce035f7de5983.png', 's3_bucket': 'tartarus.annotations'}, {'_id': ObjectId('5ec4cc63ce7cf4e480e136ef'), '_cls': 'PixelAnnotation', 'is_deleted': False, 'created_at': datetime.datetime(2020, 5, 20, 6, 21, 23, 207000), 'updated_at': datetime.datetime(2020, 5, 17, 23, 15, 30, 731000), 'prev_version': ObjectId('5ec1c592f06ce035f7de5983'), 'next_version': ObjectId('5ecb1ada77f45930b0e7b9b5'), 'review_request': 0, 'review_reasons': [], 'label_policy': ObjectId('5eb48622e154067231d81219'), 'is_active_version': False, 'kind': 'labelbox', 'nothing_to_annotate': False, 'state': 'relabel', 'label_map': {'1': 'crop', '2': 'weed'}, 'annotation_job_id': ObjectId('5ec1c592f06ce035f7de596b'), 'vendor_metadata': {'labelbox': {'event_type': 'REVIEW_CREATED', 'label_updated_at': '2020-05-22T15:29:15.000Z', 'vendor_source_id': 'ckaexo6ur2kvq0712fj3tgje5', 'vendor_project_id': 'ck9f1j5bkoy8h0a1086g58d2x', 'datarow_id': 'ckabogxfe45ln0hjse1prdsfy', 'skipped': False, 'label_mask_hash': 'a5c566e7bfa453cff071c681b3de2a9a', 'seconds_to_label': 2457.981, 'label_created_by': 'santosh.gupta@es.cloudfactory.com', 'review_updated_at': '2020-05-22T15:29:08.000Z', 'review_created_by': 'milyon.kidane@bluerivert.com'}}, 'style': 'pixelwise', 's3_key': 'prod/pixelwise/5ec4cc63ce7cf4e480e136ef.png', 's3_bucket': 'tartarus.annotations'}, {'_id': ObjectId('5ecb1ada77f45930b0e7b9b5'), '_cls': 'PixelAnnotation', 'is_deleted': False, 'created_at': datetime.datetime(2020, 5, 25, 1, 9, 46, 439000), 'updated_at': datetime.datetime(2020, 5, 17, 23, 15, 30, 731000), 'prev_version': ObjectId('5ec4cc63ce7cf4e480e136ef'), 'review_request': 0, 'review_reasons': [], 'label_policy': ObjectId('5eb48622e154067231d81219'), 'is_active_version': True, 'kind': 'labelbox', 'nothing_to_annotate': False, 'state': 'ok', 'label_map': {'1': 'crop', '2': 'weed'}, 'annotation_job_id': ObjectId('5ec1c592f06ce035f7de596b'), 'vendor_metadata': {'labelbox': {'event_type': 'MANUAL_FETCH', 'label_updated_at': '2020-05-26T13:07:01.000Z', 'vendor_source_id': 'ckaexo6ur2kvq0712fj3tgje5', 'vendor_project_id': 'ck9f1j5bkoy8h0a1086g58d2x', 'datarow_id': 'ckabogxfe45ln0hjse1prdsfy', 'skipped': False, 'label_mask_hash': 'ef0678db55b0c0daa8e9c7a150d1885d', 'seconds_to_label': 2524.275, 'label_created_by': 'santosh.gupta@es.cloudfactory.com', 'review_updated_at': '2020-05-26T13:07:00.000Z', 'review_created_by': 'kelly.kirsch@bluerivert.com', 'vendor_dataset_id': 'ck9f1j9chomkc0976dm6bqifu', 'vendor_external_id': '5ebc240c02a88ef0c54c73a2,5ebc240c02a88ef0c54c73a1,5ec1c592f06ce035f7de5983'}}, 'style': 'pixelwise', 's3_key': 'prod/pixelwise/5ecb1ada77f45930b0e7b9b5.png', 's3_bucket': 'tartarus.annotations'}]","[{'_id': ObjectId('5ebc240c02a88ef0c54c73a1'), 'kind': 'nrg', 'content_hash': '8948184d2b26923036bb6475eb7374a5', 's3_bucket': 'tartarus.images', 's3_key': 'prod/2020/05/13/16/a9e46daf56744735bf35e977654abb88_nrg.png', 'web_s3_bucket': 'tartarus.images', 'web_s3_key': 'prod/2020/05/13/16/a9e46daf56744735bf35e977654abb88_nrg.png', 'height': 1080, 'width': 1920}]",True,d60b83f2-a12f-4415-82d2-1e5688146cc9,8948184d2b26923036bb6475eb7374a5,PARALLEL,fixed,1500,3.6,1.8,1,1.5240000486373901,Jabil,18.83621531432379,2,ar0233,nrg,PCCAMJA000409,BROKEN,['NONE'],HEALTHY,SMALL,SOYBEANS,LOW,turner south beans,stutts bros farm,TwoToFourInches,0.0,AUTONOMOUS,0.0,b21fd23c-5291-4137-8b1c-df3153799091,stutts bros,ISP,07090100,32.863216400146484,-91.78746032714844,scogFront,hilario,shasta,20,DCM-DOLPHIN,INCHES_TWIN_30,LIGHT,CONVENTIONAL,nrg,LOW,"['OTHER', 'OTHER_GRASS']",,2020-05-13 00:00:00.000
5ebc240c02a88ef0c54c7398,5ebc240c02a88ef0c54c7398,False,2020-05-13 16:03:52.750,"{'type': 'Point', 'coordinates': [-91.78746795654297, 32.863224029541016]}","[{'_id': ObjectId('5ec1c592f06ce035f7de5982'), '_cls': 'PixelAnnotation', 'is_deleted': False, 'created_at': datetime.datetime(2020, 5, 17, 23, 15, 30, 731000), 'updated_at': datetime.datetime(2020, 5, 17, 23, 15, 30, 731000), 'next_version': ObjectId('5ecd1a22014ffafc919dab35'), 'review_request': 0, 'review_reasons': [], 'label_policy': ObjectId('5eb48622e154067231d81219'), 'is_active_version': False, 'kind': 'labelbox', 'nothing_to_annotate': False, 'state': 'review', 'label_map': {'1': 'crop', '2': 'weed'}, 'annotation_job_id': ObjectId('5ec1c592f06ce035f7de596b'), 'vendor_metadata': {'labelbox': {'event_type': 'LABEL_CREATED', 'label_updated_at': '2020-05-23T03:43:31.000Z', 'vendor_source_id': 'ckaj38s028f7k0762c2lxkbhx', 'vendor_project_id': 'ck9f1j5bkoy8h0a1086g58d2x', 'datarow_id': 'ckabogxfe45lj0hjs4ecc4tib', 'skipped': False, 'label_mask_hash': 'd95ac81dd924c949b27c521da50f4a25', 'seconds_to_label': 2889.123, 'label_created_by': 'siddiquah.akbari@imerit.net'}}, 'style': 'pixelwise', 's3_key': 'prod/pixelwise/5ec1c592f06ce035f7de5982.png', 's3_bucket': 'tartarus.annotations'}, {'_id': ObjectId('5ecd1a22014ffafc919dab35'), '_cls': 'PixelAnnotation', 'is_deleted': False, 'created_at': datetime.datetime(2020, 5, 26, 13, 31, 14, 143000), 'updated_at': datetime.datetime(2020, 5, 17, 23, 15, 30, 731000), 'prev_version': ObjectId('5ec1c592f06ce035f7de5982'), 'review_request': 0, 'review_reasons': [], 'label_policy': ObjectId('5eb48622e154067231d81219'), 'is_active_version': True, 'kind': 'labelbox', 'nothing_to_annotate': False, 'state': 'ok', 'label_map': {'1': 'crop', '2': 'weed'}, 'annotation_job_id': ObjectId('5ec1c592f06ce035f7de596b'), 'vendor_metadata': {'labelbox': {'event_type': 'MANUAL_FETCH', 'label_updated_at': '2020-05-26T13:31:12.000Z', 'vendor_source_id': 'ckaj38s028f7k0762c2lxkbhx', 'vendor_project_id': 'ck9f1j5bkoy8h0a1086g58d2x', 'datarow_id': 'ckabogxfe45lj0hjs4ecc4tib', 'skipped': False, 'label_mask_hash': '7c47ddb30935fe044ffde7b37953920e', 'seconds_to_label': 3050.521, 'label_created_by': 'siddiquah.akbari@imerit.net', 'review_updated_at': '2020-05-26T13:31:18.000Z', 'review_created_by': 'linda.barry@bluerivert.com', 'vendor_dataset_id': 'ck9f1j9chomkc0976dm6bqifu', 'vendor_external_id': '5ebc240c02a88ef0c54c7398,5ebc240b02a88ef0c54c7397,5ec1c592f06ce035f7de5982'}}, 'style': 'pixelwise', 's3_key': 'prod/pixelwise/5ecd1a22014ffafc919dab35.png', 's3_bucket': 'tartarus.annotations'}]","[{'_id': ObjectId('5ebc240b02a88ef0c54c7397'), 'kind': 'nrg', 'content_hash': '974a302fe1647f9e526c5014a2484050', 's3_bucket': 'tartarus.images', 's3_key': 'prod/2020/05/13/16/0530ec89279549afbaa9893f94588ed0_nrg.png', 'web_s3_bucket': 'tartarus.images', 'web_s3_key': 'prod/2020/05/13/16/0530ec89279549afbaa9893f94588ed0_nrg.png', 'height': 1080, 'width': 1920}]",True,cc2a40ff-0114-4b29-b483-3714bb9ee6d1,974a302fe1647f9e526c5014a2484050,PARALLEL,fixed,1500,3.6,1.8,1,1.5240000486373901,Jabil,18.83621531432379,2,ar0233,nrg,PCCAMJA000409,BROKEN,['NONE'],HEALTHY,SMALL,SOYBEANS,LOW,turner south beans,stutts bros farm,TwoToFourInches,0.0,AUTONOMOUS,0.0,d2000b1d-e67f-4611-adf8-910db60e681e,stutts bros,ISP,07090100,32.863224029541016,-91.78746795654297,scogFront,hilario,shasta,20,DCM-DOLPHIN,INCHES_TWIN_30,LIGHT,CONVENTIONAL,nrg,LOW,"['OTHER', 'OTHER_GRASS']",,2020-05-13 00:00:00.000
5ebc240b02a88ef0c54c738e,5ebc240b02a88ef0c54c738e,False,2020-05-13 16:03:51.750,"{'type': 'Point', 'coordinates': [-91.78746795654297, 32.86323165893555]}","[{'_id': ObjectId('5ec1c592f06ce035f7de5981'), '_cls': 'PixelAnnotation', 'is_deleted': False, 'created_at': datetime.datetime(2020, 5, 17, 23, 15, 30, 731000), 'updated_at': datetime.datetime(2020, 5, 17, 23, 15, 30, 731000), 'next_version': ObjectId('5ec73d3033812ea82db04e0b'), 'review_request': 0, 'review_reasons': [], 'label_policy': ObjectId('5eb48622e154067231d81219'), 'is_active_version': False, 'kind': 'labelbox', 'nothing_to_annotate': False, 'state': 'review', 'label_map': {'1': 'crop', '2': 'weed'}, 'annotation_job_id': ObjectId('5ec1c592f06ce035f7de596b'), 'vendor_metadata': {'labelbox': {'event_type': 'LABEL_CREATED', 'label_updated_at': '2020-05-20T08:56:06.000Z', 'vendor_source_id': 'ckaf437ahb0be08540pr891g7', 'vendor_project_id': 'ck9f1j5bkoy8h0a1086g58d2x', 'datarow_id': 'ckabogxfe45lf0hjs67ag84i0', 'skipped': False, 'label_mask_hash': '2d5f5b8a00630dda0ec7314a07f4671b', 'seconds_to_label': 2792.361, 'label_created_by': 'zeba.naaz@imerit.net'}}, 'style': 'pixelwise', 's3_key': 'prod/pixelwise/5ec1c592f06ce035f7de5981.png', 's3_bucket': 'tartarus.annotations'}, {'_id': ObjectId('5ec73d3033812ea82db04e0b'), '_cls': 'PixelAnnotation', 'is_deleted': False, 'created_at': datetime.datetime(2020, 5, 22, 2, 47, 12, 233000), 'updated_at': datetime.datetime(2020, 5, 17, 23, 15, 30, 731000), 'prev_version': ObjectId('5ec1c592f06ce035f7de5981'), 'next_version': ObjectId('5ec73fffc806af554f2e1cf7'), 'review_request': 0, 'review_reasons': [], 'label_policy': ObjectId('5eb48622e154067231d81219'), 'is_active_version': False, 'kind': 'labelbox', 'nothing_to_annotate': False, 'state': 'review', 'label_map': {'1': 'crop', '2': 'weed'}, 'annotation_job_id': ObjectId('5ec1c592f06ce035f7de596b'), 'vendor_metadata': {'labelbox': {'event_type': 'REVIEW_UPDATED', 'label_updated_at': '2020-05-22T02:47:05.000Z', 'vendor_source_id': 'ckaf437ahb0be08540pr891g7', 'vendor_project_id': 'ck9f1j5bkoy8h0a1086g58d2x', 'datarow_id': 'ckabogxfe45lf0hjs67ag84i0', 'skipped': False, 'label_mask_hash': '885c1f7d2e56f461821180e98cae37d8', 'seconds_to_label': 3254.481, 'label_created_by': 'zeba.naaz@imerit.net', 'review_updated_at': '2020-05-20T15:03:41.000Z', 'review_created_by': 'lori.gibson@bluerivert.com'}}, 'style': 'pixelwise', 's3_key': 'prod/pixelwise/5ec73d3033812ea82db04e0b.png', 's3_bucket': 'tartarus.annotations'}, {'_id': ObjectId('5ec73fffc806af554f2e1cf7'), '_cls': 'PixelAnnotation', 'is_deleted': False, 'created_at': datetime.datetime(2020, 5, 22, 2, 59, 11, 622000), 'updated_at': datetime.datetime(2020, 5, 17, 23, 15, 30, 731000), 'prev_version': ObjectId('5ec73d3033812ea82db04e0b'), 'next_version': ObjectId('5ec8768a5d904fd891b163c5'), 'review_request': 0, 'review_reasons': [], 'label_policy': ObjectId('5eb48622e154067231d81219'), 'is_active_version': False, 'kind': 'labelbox', 'nothing_to_annotate': False, 'state': 'relabel', 'label_map': {'1': 'crop', '2': 'weed'}, 'annotation_job_id': ObjectId('5ec1c592f06ce035f7de596b'), 'vendor_metadata': {'labelbox': {'event_type': 'REVIEW_CREATED', 'label_updated_at': '2020-05-22T15:51:09.000Z', 'vendor_source_id': 'ckaf437ahb0be08540pr891g7', 'vendor_project_id': 'ck9f1j5bkoy8h0a1086g58d2x', 'datarow_id': 'ckabogxfe45lf0hjs67ag84i0', 'skipped': False, 'label_mask_hash': '74db931764531366e693044ad0a3d8fc', 'seconds_to_label': 3497.24, 'label_created_by': 'zeba.naaz@imerit.net', 'review_updated_at': '2020-05-22T15:51:03.000Z', 'review_created_by': 'milyon.kidane@bluerivert.com'}}, 'style': 'pixelwise', 's3_key': 'prod/pixelwise/5ec73fffc806af554f2e1cf7.png', 's3_bucket': 'tartarus.annotations'}, {'_id': ObjectId('5ec8768a5d904fd891b163c5'), '_cls': 'PixelAnnotation', 'is_deleted': False, 'created_at': datetime.datetime(2020, 5, 23, 1, 4, 10, 221000), 'updated_at': datetime.datetime(2020, 5, 17, 23, 15, 30, 731000), 'prev_version': ObjectId('5ec73fffc806af554f2e1cf7'), 'review_request': 0, 'review_reasons': [], 'label_policy': ObjectId('5eb48622e154067231d81219'), 'is_active_version': True, 'kind': 'labelbox', 'nothing_to_annotate': False, 'state': 'ok', 'label_map': {'1': 'crop', '2': 'weed'}, 'annotation_job_id': ObjectId('5ec1c592f06ce035f7de596b'), 'vendor_metadata': {'labelbox': {'event_type': 'MANUAL_FETCH', 'label_updated_at': '2020-05-23T16:23:39.000Z', 'vendor_source_id': 'ckaf437ahb0be08540pr891g7', 'vendor_project_id': 'ck9f1j5bkoy8h0a1086g58d2x', 'datarow_id': 'ckabogxfe45lf0hjs67ag84i0', 'skipped': False, 'label_mask_hash': 'aa8337e1613e6d44c81aa05f720bed24', 'seconds_to_label': 3699.258, 'label_created_by': 'zeba.naaz@imerit.net', 'review_updated_at': '2020-05-23T16:23:07.000Z', 'review_created_by': 'milyon.kidane@bluerivert.com', 'vendor_dataset_id': 'ck9f1j9chomkc0976dm6bqifu', 'vendor_external_id': '5ebc240b02a88ef0c54c738e,5ebc240b02a88ef0c54c738d,5ec1c592f06ce035f7de5981'}}, 'style': 'pixelwise', 's3_key': 'prod/pixelwise/5ec8768a5d904fd891b163c5.png', 's3_bucket': 'tartarus.annotations'}]","[{'_id': ObjectId('5ebc240b02a88ef0c54c738d'), 'kind': 'nrg', 'content_hash': 'fab4757e9f8c9b888fbcbd0f5b804166', 's3_bucket': 'tartarus.images', 's3_key': 'prod/2020/05/13/16/c80ef25c12ff490c94fab0855395f9e8_nrg.png', 'web_s3_bucket': 'tartarus.images', 'web_s3_key': 'prod/2020/05/13/16/c80ef25c12ff490c94fab0855395f9e8_nrg.png', 'height': 1080, 'width': 1920}]",True,61abd607-e4ea-4c16-8d97-ee123e529bc3,fab4757e9f8c9b888fbcbd0f5b804166,PARALLEL,fixed,1500,3.6,1.8,1,1.5240000486373901,Jabil,18.83621531432379,2,ar0233,nrg,PCCAMJA000409,BROKEN,['NONE'],HEALTHY,SMALL,SOYBEANS,LOW,turner south beans,stutts bros farm,TwoToFourInches,0.0,AUTONOMOUS,0.0,e8b41261-166f-47b1-9ed6-fd4e8f8ee6ba,stutts bros,ISP,07090100,32.86323165893555,-91.78746795654297,scogFront,hilario,shasta,20,DCM-DOLPHIN,INCHES_TWIN_30,LIGHT,CONVENTIONAL,nrg,LOW,"['OTHER', 'OTHER_GRASS']",,2020-05-13 00:00:00.000
5ebc240b02a88ef0c54c7384,5ebc240b02a88ef0c54c7384,False,2020-05-13 16:03:50.750,"{'type': 'Point', 'coordinates': [0.0, 0.0]}","[{'_id': ObjectId('5ec1c592f06ce035f7de5980'), '_cls': 'PixelAnnotation', 'is_deleted': False, 'created_at': datetime.datetime(2020, 5, 17, 23, 15, 30, 731000), 'updated_at': datetime.datetime(2020, 5, 17, 23, 15, 30, 731000), 'review_request': 0, 'review_reasons': [], 'label_policy': ObjectId('5eb48622e154067231d81219'), 'is_active_version': True, 'kind': 'labelbox', 'nothing_to_annotate': False, 'state': 'ok', 'label_map': {'1': 'crop', '2': 'weed'}, 'annotation_job_id': ObjectId('5ec1c592f06ce035f7de596b'), 'vendor_metadata': {'labelbox': {'event_type': 'MANUAL_FETCH', 'label_updated_at': '2020-05-20T02:12:48.000Z', 'vendor_source_id': 'ckadqzajzv6q20700xt8yekqd', 'vendor_project_id': 'ck9f1j5bkoy8h0a1086g58d2x', 'datarow_id': 'ckabogxfe45lb0hjs6mxi8i00', 'skipped': False, 'label_mask_hash': 'b36134b108932fb50f4e76f9149159f8', 'seconds_to_label': 2312.66, 'label_created_by': 'swarnali.das@imerit.net', 'review_updated_at': '2020-05-20T02:12:23.000Z', 'review_created_by': 'aashish.maharjan@es.cloudfactory.com', 'vendor_dataset_id': 'ck9f1j9chomkc0976dm6bqifu', 'vendor_external_id': '5ebc240b02a88ef0c54c7384,5ebc240b02a88ef0c54c7383,5ec1c592f06ce035f7de5980'}}, 'style': 'pixelwise', 's3_bucket': 'tartarus.annotations', 's3_key': 'prod/pixelwise/5ec1c592f06ce035f7de5980.png'}]","[{'_id': ObjectId('5ebc240b02a88ef0c54c7383'), 'kind': 'nrg', 'content_hash': 'af5288fd48544bb0a85793c38578f554', 's3_bucket': 'tartarus.images', 's3_key': 'prod/2020/05/13/16/be71cd8822b847cc97b54eb5ac6ab43a_nrg.png', 'web_s3_bucket': 'tartarus.images', 'web_s3_key': 'prod/2020/05/13/16/be71cd8822b847cc97b54eb5ac6ab43a_nrg.png', 'height': 1080, 'width': 1920}]",True,7a82daca-d216-49e3-8dcd-b908b15cc13a,af5288fd48544bb0a85793c38578f554,PARALLEL,fixed,1500,3.6,1.8,1,1.5240000486373901,Jabil,18.83621531432379,2,ar0233,nrg,PCCAMJA000409,BROKEN,['NONE'],HEALTHY,SMALL,SOYBEANS,LOW,turner south beans,stutts bros farm,TwoToFourInches,0.0,INVALID,0.0,afd65065-1d2c-4c2d-9ccd-96e8560016b5,stutts bros,ISP,07090100,0.0,0.0,scogFront,hilario,shasta,20,DCM-DOLPHIN,INCHES_TWIN_30,LIGHT,CONVENTIONAL,nrg,LOW,"['OTHER', 'OTHER_GRASS']",,2020-05-13 00:00:00.000
5ebc240902a88ef0c54c7334,5ebc240902a88ef0c54c7334,False,2020-05-13 16:03:49.750,"{'type': 'Point', 'coordinates': [0.0, 0.0]}","[{'_id': ObjectId('5ec1c592f06ce035f7de5978'), '_cls': 'PixelAnnotation', 'is_deleted': False, 'created_at': datetime.datetime(2020, 5, 17, 23, 15, 30, 728000), 'updated_at': datetime.datetime(2020, 5, 17, 23, 15, 30, 728000), 'review_request': 0, 'review_reasons': [], 'label_policy': ObjectId('5eb48622e154067231d81219'), 'is_active_version': True, 'kind': 'labelbox', 'nothing_to_annotate': False, 'state': 'ok', 'label_map': {'1': 'crop', '2': 'weed'}, 'annotation_job_id': ObjectId('5ec1c592f06ce035f7de596b'), 'vendor_metadata': {'labelbox': {'event_type': 'MANUAL_FETCH', 'label_updated_at': '2020-05-20T07:44:16.000Z', 'vendor_source_id': 'ckaf0rf5f8sps0854h4hnx85z', 'vendor_project_id': 'ck9f1j5bkoy8h0a1086g58d2x', 'datarow_id': 'ckabogxfc45kf0hjs240517ax', 'skipped': False, 'label_mask_hash': 'f1121299f07c09ea8775a2d22f6fa814', 'seconds_to_label': 1674.302, 'label_created_by': 'khushnood.iqbal@imerit.net', 'review_updated_at': '2020-05-20T07:44:18.000Z', 'review_created_by': 'prabin.maharjan01@es.cloudfactory.com', 'vendor_dataset_id': 'ck9f1j9chomkc0976dm6bqifu', 'vendor_external_id': '5ebc240902a88ef0c54c7334,5ebc240902a88ef0c54c7333,5ec1c592f06ce035f7de5978'}}, 'style': 'pixelwise', 's3_bucket': 'tartarus.annotations', 's3_key': 'prod/pixelwise/5ec1c592f06ce035f7de5978.png'}]","[{'_id': ObjectId('5ebc240902a88ef0c54c7333'), 'kind': 'nrg', 'content_hash': 'bc68408f83fc7907d02ba68c29dc7037', 's3_bucket': 'tartarus.images', 's3_key': 'prod/2020/05/13/16/b46de7e9e8a0431c9b670b183a197a2e_nrg.png', 'web_s3_bucket': 'tartarus.images', 'web_s3_key': 'prod/2020/05/13/16/b46de7e9e8a0431c9b670b183a197a2e_nrg.png', 'height': 1080, 'width': 1920}]",True,b9b50d8f-fe97-40eb-ac1e-14e2408405f5,bc68408f83fc7907d02ba68c29dc7037,PARALLEL,fixed,1500,3.6,1.8,1,1.5240000486373901,Jabil,18.83621531432379,2,ar0233,nrg,PCCAMJA000409,BROKEN,['NONE'],HEALTHY,SMALL,SOYBEANS,LOW,turner south beans,stutts bros farm,TwoToFourInches,0.0,INVALID,0.0,15599d5d-f403-4f4b-8a94-0562b9b344b5,stutts bros,ISP,07090100,0.0,0.0,scogFront,hilario,shasta,20,DCM-DOLPHIN,INCHES_TWIN_30,LIGHT,CONVENTIONAL,nrg,LOW,"['OTHER', 'OTHER_GRASS']",,2020-05-13 00:00:00.000
5ebc240702a88ef0c54c72c6,5ebc240702a88ef0c54c72c6,False,2020-05-13 16:03:48.750,"{'type': 'Point', 'coordinates': [0.0, 0.0]}","[{'_id': ObjectId('5ec1c592f06ce035f7de596d'), '_cls': 'PixelAnnotation', 'is_deleted': False, 'created_at': datetime.datetime(2020, 5, 17, 23, 15, 30, 726000), 'updated_at': datetime.datetime(2020, 5, 17, 23, 15, 30, 726000), 'review_request': 0, 'review_reasons': [], 'label_policy': ObjectId('5eb48622e154067231d81219'), 'is_active_version': True, 'kind': 'labelbox', 'nothing_to_annotate': False, 'state': 'ok', 'label_map': {'1': 'crop', '2': 'weed'}, 'annotation_job_id': ObjectId('5ec1c592f06ce035f7de596b'), 'vendor_metadata': {'labelbox': {'event_type': 'MANUAL_FETCH', 'label_updated_at': '2020-05-20T14:14:44.000Z', 'vendor_source_id': 'ckaetpwee2rww091808h2wjj0', 'vendor_project_id': 'ck9f1j5bkoy8h0a1086g58d2x', 'datarow_id': 'ckabogxfb45j70hjserw8blno', 'skipped': False, 'label_mask_hash': '9fa250833daca539b264bd89a1baea50', 'seconds_to_label': 1747.81, 'label_created_by': 'manisha.chourasia@imerit.net', 'vendor_dataset_id': 'ck9f1j9chomkc0976dm6bqifu', 'vendor_external_id': '5ebc240702a88ef0c54c72c6,5ebc240702a88ef0c54c72c5,5ec1c592f06ce035f7de596d', 'review_updated_at': '2020-05-20T14:14:37.000Z', 'review_created_by': 'kelly.kirsch@bluerivert.com'}}, 'style': 'pixelwise', 's3_bucket': 'tartarus.annotations', 's3_key': 'prod/pixelwise/5ec1c592f06ce035f7de596d.png'}]","[{'_id': ObjectId('5ebc240702a88ef0c54c72c5'), 'kind': 'nrg', 'content_hash': 'fa23537cdbc077d9279968f21cd8195b', 's3_bucket': 'tartarus.images', 's3_key': 'prod/2020/05/13/16/f3385486ab1247eb8657c0fa0aaefcb8_nrg.png', 'web_s3_bucket': 'tartarus.images', 'web_s3_key': 'prod/2020/05/13/16/f3385486ab1247eb8657c0fa0aaefcb8_nrg.png', 'height': 1080, 'width': 1920}]",True,cbe627fd-8577-413f-be80-bdd67dcf6cf2,fa23537cdbc077d9279968f21cd8195b,PARALLEL,fixed,1500,3.6,1.8,1,1.5240000486373901,Jabil,18.83621531432379,2,ar0233,nrg,PCCAMJA000409,BROKEN,['NONE'],HEALTHY,SMALL,SOYBEANS,LOW,turner south beans,stutts bros farm,TwoToFourInches,0.0,INVALID,0.0,298cc160-7e00-469c-b00e-796155f1e846,stutts bros,ISP,07090100,0.0,0.0,scogFront,hilario,shasta,20,DCM-DOLPHIN,INCHES_TWIN_30,LIGHT,CONVENTIONAL,nrg,LOW,"['OTHER', 'OTHER_GRASS']",,2020-05-13 00:00:00.000
5ebc240702a88ef0c54c72bc,5ebc240702a88ef0c54c72bc,False,2020-05-13 16:03:47.750,"{'type': 'Point', 'coordinates': [0.0, 0.0]}","[{'_id': ObjectId('5ec1c592f06ce035f7de596c'), '_cls': 'PixelAnnotation', 'is_deleted': False, 'created_at': datetime.datetime(2020, 5, 17, 23, 15, 30, 725000), 'updated_at': datetime.datetime(2020, 5, 17, 23, 15, 30, 725000), 'next_version': ObjectId('5ec3868d7055990f2106443d'), 'review_request': 0, 'review_reasons': [], 'label_policy': ObjectId('5eb48622e154067231d81219'), 'is_active_version': False, 'kind': 'labelbox', 'nothing_to_annotate': False, 'state': 'relabel', 'label_map': {'1': 'crop', '2': 'weed'}, 'annotation_job_id': ObjectId('5ec1c592f06ce035f7de596b'), 'vendor_metadata': {'labelbox': {'event_type': 'REVIEW_CREATED', 'label_updated_at': '2020-05-19T07:05:18.000Z', 'vendor_source_id': 'ckadjhocgc1x70918nsyjpq0v', 'vendor_project_id': 'ck9f1j5bkoy8h0a1086g58d2x', 'datarow_id': 'ckabogxfb45j30hjsddb40zum', 'skipped': False, 'label_mask_hash': '974e10e2d4a9f03a0a8f46c13d1f705a', 'seconds_to_label': 2108.195, 'label_created_by': 'naghma.khatoon@imerit.net', 'review_updated_at': '2020-05-19T07:05:29.000Z', 'review_created_by': 'sumitra.maharjan@es.cloudfactory.com'}}, 'style': 'pixelwise', 's3_key': 'prod/pixelwise/5ec1c592f06ce035f7de596c.png', 's3_bucket': 'tartarus.annotations'}, {'_id': ObjectId('5ec3868d7055990f2106443d'), '_cls': 'PixelAnnotation', 'is_deleted': False, 'created_at': datetime.datetime(2020, 5, 19, 7, 11, 9, 882000), 'updated_at': datetime.datetime(2020, 5, 17, 23, 15, 30, 725000), 'prev_version': ObjectId('5ec1c592f06ce035f7de596c'), 'review_request': 0, 'review_reasons': [], 'label_policy': ObjectId('5eb48622e154067231d81219'), 'is_active_version': True, 'kind': 'labelbox', 'nothing_to_annotate': False, 'state': 'ok', 'label_map': {'1': 'crop', '2': 'weed'}, 'annotation_job_id': ObjectId('5ec1c592f06ce035f7de596b'), 'vendor_metadata': {'labelbox': {'event_type': 'MANUAL_FETCH', 'label_updated_at': '2020-05-20T03:05:08.000Z', 'vendor_source_id': 'ckadjhocgc1x70918nsyjpq0v', 'vendor_project_id': 'ck9f1j5bkoy8h0a1086g58d2x', 'datarow_id': 'ckabogxfb45j30hjsddb40zum', 'skipped': False, 'label_mask_hash': 'bad5cc586997f00afcd3db2bc2af83f1', 'seconds_to_label': 2708.316, 'label_created_by': 'naghma.khatoon@imerit.net', 'review_updated_at': '2020-05-19T07:27:35.000Z', 'review_created_by': 'sumitra.maharjan@es.cloudfactory.com', 'vendor_dataset_id': 'ck9f1j9chomkc0976dm6bqifu', 'vendor_external_id': '5ebc240702a88ef0c54c72bc,5ebc240702a88ef0c54c72bb,5ec1c592f06ce035f7de596c'}}, 'style': 'pixelwise', 's3_key': 'prod/pixelwise/5ec3868d7055990f2106443d.png', 's3_bucket': 'tartarus.annotations'}]","[{'_id': ObjectId('5ebc240702a88ef0c54c72bb'), 'kind': 'nrg', 'content_hash': 'caf0e68d07a53fb0a8f77bf884b2ac1a', 's3_bucket': 'tartarus.images', 's3_key': 'prod/2020/05/13/16/a7bc57736fa744eaa063640316abc65c_nrg.png', 'web_s3_bucket': 'tartarus.images', 'web_s3_key': 'prod/2020/05/13/16/a7bc57736fa744eaa063640316abc65c_nrg.png', 'height': 1080, 'width': 1920}]",True,3948035e-a681-4fef-ae25-2a20c819d38a,caf0e68d07a53fb0a8f77bf884b2ac1a,PARALLEL,fixed,1500,3.6,1.8,1,1.5240000486373901,Jabil,18.83621531432379,2,ar0233,nrg,PCCAMJA000409,BROKEN,['NONE'],HEALTHY,SMALL,SOYBEANS,LOW,turner south beans,stutts bros farm,TwoToFourInches,0.0,INVALID,0.0,e0e330a3-6040-4365-94f8-309f62876efc,stutts bros,ISP,07090100,0.0,0.0,scogFront,hilario,shasta,20,DCM-DOLPHIN,INCHES_TWIN_30,LIGHT,CONVENTIONAL,nrg,LOW,"['OTHER', 'OTHER_GRASS']",,2020-05-13 00:00:00.000
